City_ID,City,Country,Date,Lat,Lng,Max Temp,Humidity,Cloudiness,Wind Speed
0,Ushuaia,AR,2021-01-11 20:04:35,-54.8,-68.3,44.6,70,75,9.22
1,Barrow,US,2021-01-11 20:06:37,71.2906,-156.7887,1.4,71,90,23.02
2,Adrar,MR,2021-01-11 20:06:37,20.5022,-10.0711,60.66,32,100,11.32
3,Hofn,IS,2021-01-11 20:06:37,64.2539,-15.2082,24.8,58,0,4.61
4,Airai,TL,2021-01-11 20:06:37,-8.9266,125.4092,61.68,100,38,0.83
5,Punta Arenas,CL,2021-01-11 20:06:37,-53.15,-70.9167,50.0,62,75,26.46
6,Yellowknife,CA,2021-01-11 20:06:37,62.456,-114.3525,12.99,92,40,8.05
7,Japura,ID,2021-01-11 20:06:38,-0.3167,102.35,72.93,98,100,2.82
8,Ponta Do Sol,PT,2021-01-11 20:06:38,32.6667,-17.1,55.0,63,21,3.0
9,Atar,MR,2021-01-11 20:06:38,20.5169,-13.0499,62.51,37,100,11.5
10,Port-Gentil,GA,2021-01-11 20:06:38,-0.7193,8.7815,80.6,83,20,8.05
11,Hithadhoo,MV,2021-01-11 20:06:38,-0.6,73.0833,80.87,78,58,16.64
12,Rikitea,PF,2021-01-11 20:06:38,-23.1203,-134.9692,77.7,78,100,20.02
13,Mataura,NZ,2021-01-11 20:06:38,-46.1927,168.8643,52.0,84,1,1.01
14,Evensk,RU,2021-01-11 20:06:38,61.95,159.2333,6.24,86,100,11.65
15,Thompson,CA,2021-01-11 20:06:38,55.7435,-97.8558,21.2,93,75,6.91
16,Alice Springs,AU,2021-01-11 20:06:38,-23.7,133.8833,77.0,56,0,5.75
17,Jamestown,US,2021-01-11 20:06:38,42.097,-79.2353,36.0,69,90,9.22
18,Klaksvik,FO,2021-01-11 20:06:38,62.2266,-6.589,37.4,70,75,24.16
19,Albany,US,2021-01-11 20:03:26,42.6001,-73.9662,32.0,68,100,1.97
20,Vardo,NO,2021-01-11 20:06:38,70.3705,31.1107,17.6,86,75,20.71
21,Vaini,TO,2021-01-11 20:06:38,-21.2,-175.2,80.6,89,75,9.22
22,Butaritari,KI,2021-01-11 20:06:39,3.0707,172.7902,80.82,82,44,20.85
23,Ambilobe,MG,2021-01-11 20:06:39,-13.2,49.05,75.16,92,21,2.13
24,Narrabri,AU,2021-01-11 20:06:39,-30.3167,149.7833,62.6,77,0,3.44
25,Marsabit,KE,2021-01-11 20:06:39,2.3284,37.9899,69.62,56,0,8.25
26,Tabas,IR,2021-01-11 20:06:39,33.5959,56.9244,35.6,23,0,6.91
27,Gunjur,GM,2021-01-11 20:06:39,13.2019,-16.7339,73.4,56,40,5.75
28,Chokurdakh,RU,2021-01-11 20:06:39,70.6333,147.9167,-32.96,82,66,2.24
29,Hermanus,ZA,2021-01-11 20:05:04,-34.4187,19.2345,70.0,81,100,8.01
30,Roald,NO,2021-01-11 20:06:39,62.5833,6.1333,28.4,93,75,8.05
31,Bull Savanna,JM,2021-01-11 20:06:39,17.8868,-77.5902,80.13,74,100,12.71
32,Provideniya,RU,2021-01-11 20:06:39,64.3833,-173.3,-0.4,71,75,17.9
33,Bhag,PK,2021-01-11 20:06:39,29.0415,67.8239,56.21,29,0,2.86
34,Riosucio,CO,2021-01-11 20:06:39,5.4216,-75.7032,77.0,61,40,5.75
35,Barceloneta,PR,2021-01-11 20:06:40,18.4505,-66.5385,82.0,73,99,3.0
36,Oostkamp,BE,2021-01-11 20:06:40,51.1188,3.231,45.0,85,100,17.0
37,Chuy,UY,2021-01-11 20:03:18,-33.6971,-53.4616,74.3,86,100,11.54
38,Aleksandrovskoye,RU,2021-01-11 20:06:40,44.7142,43.0008,30.2,100,90,6.71
39,Husavik,IS,2021-01-11 20:06:40,66.0449,-17.3389,14.0,85,0,4.61
40,Busselton,AU,2021-01-11 20:03:27,-33.65,115.3333,55.0,78,100,1.01
41,Mahebourg,MU,2021-01-11 20:06:40,-20.4081,57.7,77.0,100,75,16.11
42,Puerto Ayora,EC,2021-01-11 20:06:40,-0.7393,-90.3518,80.6,69,75,14.97
43,Port Augusta,AU,2021-01-11 20:06:40,-32.5,137.7667,64.4,68,90,12.66
44,Leningradskiy,RU,2021-01-11 20:06:40,69.3833,178.4167,-22.32,83,100,13.98
45,Kodiak,US,2021-01-11 20:06:40,57.79,-152.4072,37.4,87,90,10.36
46,Victoria,HK,2021-01-11 20:04:59,22.2855,114.1577,48.99,33,10,1.01
47,Bengkulu,ID,2021-01-11 20:06:40,-3.8004,102.2655,75.36,94,100,7.45
48,Kutum,SD,2021-01-11 20:06:40,14.2,24.6667,59.81,31,0,12.53
49,Iquitos,PE,2021-01-11 20:03:00,-3.7481,-73.2472,82.4,74,75,6.91
50,Najran,SA,2021-01-11 20:06:41,17.4924,44.1277,57.2,38,0,4.61
51,Cape Town,ZA,2021-01-11 20:05:13,-33.9258,18.4232,73.4,60,0,17.27
52,Biryusinsk,RU,2021-01-11 20:06:41,55.9634,97.8235,-8.81,90,100,6.31
53,Kapaa,US,2021-01-11 20:06:41,22.0752,-159.319,78.8,73,20,6.91
54,Elizabeth City,US,2021-01-11 20:06:41,36.2946,-76.2511,48.2,61,90,3.44
55,Baracoa,CU,2021-01-11 20:06:41,20.3467,-74.4958,80.13,71,96,9.46
56,Toppenish,US,2021-01-11 20:01:52,46.3774,-120.3087,39.99,87,90,5.75
57,Vung Tau,VN,2021-01-11 20:06:41,10.346,107.0843,75.52,73,100,9.82
58,Burgeo,CA,2021-01-11 20:06:36,47.6167,-57.6152,30.24,91,0,14.34
59,Chumikan,RU,2021-01-11 20:06:41,54.7183,135.315,-21.73,81,0,17.58
60,Lazaro Cardenas,MX,2021-01-11 20:04:58,17.9583,-102.2,82.49,52,0,9.62
61,Tiksi,RU,2021-01-11 20:06:41,71.6872,128.8694,-34.02,82,88,8.77
62,Grindavik,IS,2021-01-11 20:06:41,63.8424,-22.4338,26.6,68,0,8.05
63,Torbay,CA,2021-01-11 20:03:18,47.6666,-52.7314,27.0,86,90,14.97
64,Port Hardy,CA,2021-01-11 20:02:56,50.6996,-127.4199,46.4,81,40,3.44
65,Mnogovershinnyy,RU,2021-01-11 20:06:41,53.9353,139.9242,-23.35,88,61,3.29
66,Vanavara,RU,2021-01-11 20:06:42,60.34,102.2797,-34.74,83,33,2.28
67,Kailua,US,2021-01-11 20:06:42,21.4022,-157.7394,80.6,65,40,12.66
68,Cherskiy,RU,2021-01-11 20:06:42,68.75,161.3,-35.37,80,0,2.39
69,Kieta,PG,2021-01-11 20:06:42,-6.2167,155.6333,78.58,83,100,7.65
70,Sault Sainte Marie,CA,2021-01-11 20:05:21,46.5168,-84.3333,28.4,80,90,5.75
71,Chipata,ZM,2021-01-11 20:06:42,-13.6333,32.65,65.61,99,100,0.09
72,Marzuq,YE,2021-01-11 20:06:42,14.4,46.4667,56.23,38,67,8.37
73,Castro,BR,2021-01-11 20:06:42,-24.7911,-50.0119,79.16,73,27,3.33
74,Nikolskoye,RU,2021-01-11 20:06:42,59.7035,30.7861,10.4,85,20,8.95
75,Cobija,BO,2021-01-11 20:06:42,-11.0267,-68.7692,77.0,94,75,10.36
76,Idukki,IN,2021-01-11 20:06:43,9.85,76.9667,66.2,90,100,4.59
77,Mar Del Plata,AR,2021-01-11 20:03:35,-38.0023,-57.5575,75.2,50,0,12.66
78,Zaria,NG,2021-01-11 20:06:43,11.1113,7.7227,73.58,20,0,9.35
79,Key Largo,US,2021-01-11 20:03:11,25.0865,-80.4473,75.0,61,91,1.01
80,Barcelos,PT,2021-01-11 20:06:43,41.5388,-8.6151,44.01,81,0,2.3
81,Oneonta,US,2021-01-11 20:04:18,42.4529,-75.0638,35.01,71,97,3.47
82,Gat,IL,2021-01-11 20:06:43,31.61,34.7642,64.99,55,51,8.01
83,Saskylakh,RU,2021-01-11 20:06:43,71.9167,114.0833,-11.94,89,100,5.1
84,Calama,CL,2021-01-11 20:06:43,-22.4667,-68.9333,78.8,15,0,28.77
85,Souillac,MU,2021-01-11 20:06:43,-20.5167,57.5167,77.0,100,75,16.11
86,Dikson,RU,2021-01-11 20:06:43,73.5069,80.5464,5.61,96,100,3.98
87,Fort Nelson,CA,2021-01-11 20:06:44,58.8053,-122.7002,14.0,85,75,3.44
88,Monteiro,BR,2021-01-11 20:06:44,-7.8894,-37.12,79.83,58,95,3.76
89,Arraial Do Cabo,BR,2021-01-11 20:01:57,-22.9661,-42.0278,84.2,65,40,18.41
90,New Norfolk,AU,2021-01-11 20:06:44,-42.7826,147.0587,64.99,71,69,4.0
91,Laguna,US,2021-01-11 20:02:45,38.421,-121.4238,55.4,71,1,6.91
92,Atuona,PF,2021-01-11 20:06:44,-9.8,-139.0333,77.34,81,39,16.4
93,Hami,CN,2021-01-11 20:06:44,42.8,93.45,13.03,82,0,0.69
94,Dudinka,RU,2021-01-11 20:06:44,69.4058,86.1778,-4.81,92,97,6.49
95,Sabya,SA,2021-01-11 20:06:44,17.1495,42.6254,71.6,78,0,0.43
96,Ouargaye,BF,2021-01-11 20:06:44,11.5033,0.0572,78.85,16,43,0.78
97,Mezen,RU,2021-01-11 20:06:44,65.8522,44.24,-8.36,85,7,5.59
98,Novo Oriente,BR,2021-01-11 20:06:44,-5.5344,-40.7742,88.3,45,90,1.23
99,Kavieng,PG,2021-01-11 20:06:45,-2.5744,150.7967,81.99,75,100,8.1
100,Aden,YE,2021-01-11 20:06:45,12.7794,45.0367,74.64,72,96,16.84
101,Ilulissat,GL,2021-01-11 20:06:45,69.2167,-51.1,24.8,86,75,5.75
102,Boa Vista,BR,2021-01-11 20:04:20,2.8197,-60.6733,84.2,61,75,9.22
103,Maniitsoq,GL,2021-01-11 20:06:45,65.4167,-52.9,21.06,95,100,0.85
104,Namibe,AO,2021-01-11 20:06:45,-15.1961,12.1522,73.26,67,71,11.21
105,Katsuura,JP,2021-01-11 20:06:45,35.1333,140.3,39.0,44,100,7.0
106,Keti Bandar,PK,2021-01-11 20:06:45,24.1447,67.4497,60.67,31,0,6.89
107,Turukhansk,RU,2021-01-11 20:06:45,65.8167,87.9833,-8.79,91,100,9.44
108,Nortelandia,BR,2021-01-11 20:06:46,-14.4547,-56.8028,91.53,50,95,1.68
109,Zemetchino,RU,2021-01-11 20:06:46,53.4973,42.6163,9.1,95,87,4.81
110,Batemans Bay,AU,2021-01-11 20:06:46,-35.7167,150.1833,64.0,95,100,1.01
111,Geraldton,AU,2021-01-11 20:06:46,-28.7667,114.6,71.6,78,47,14.97
112,Acapulco,MX,2021-01-11 20:02:24,16.8634,-99.8901,86.0,62,40,5.75
113,Diego De Almagro,CL,2021-01-11 20:06:46,-26.3667,-70.05,85.03,15,0,14.56
114,Villazon,BO,2021-01-11 20:06:46,-22.0866,-65.5942,70.12,26,94,8.12
115,Mount Isa,AU,2021-01-11 20:06:46,-20.7333,139.5,77.0,69,0,2.3
116,Lasa,IT,2021-01-11 20:06:46,46.6166,10.7002,19.4,45,0,11.5
117,Ribeira Grande,PT,2021-01-11 20:06:46,38.5167,-28.7,62.6,94,75,10.36
118,Carnarvon,AU,2021-01-11 20:04:09,-24.8667,113.6333,75.2,94,40,18.41
119,Port Hope,US,2021-01-11 20:06:46,43.9408,-82.7127,30.2,69,100,8.05
120,Tvoroyri,FO,2021-01-11 20:06:47,61.5556,-6.8111,37.4,70,75,24.16
121,Sao Filipe,CV,2021-01-11 20:06:47,14.8961,-24.4956,70.86,70,90,18.23
122,Coquimbo,CL,2021-01-11 20:05:33,-29.9533,-71.3436,71.6,49,0,16.11
123,Elat,IL,2021-01-11 20:05:53,29.5581,34.9482,64.4,45,0,9.22
124,Tasiilaq,GL,2021-01-11 20:06:47,65.6145,-37.6368,21.2,58,75,2.3
125,Kununurra,AU,2021-01-11 20:06:47,-15.7667,128.7333,77.0,94,90,1.14
126,Bluff,NZ,2021-01-11 20:06:47,-46.6,168.3333,52.0,84,3,1.01
127,Talnakh,RU,2021-01-11 20:06:47,69.4865,88.3972,-17.91,87,100,3.15
128,Rupert,US,2021-01-11 20:06:47,42.6191,-113.6772,33.8,64,1,14.97
129,Narimanov,RU,2021-01-11 20:06:48,46.6927,47.8498,28.4,93,75,6.71
130,Okakarara,NA,2021-01-11 20:06:48,-20.5833,17.4333,70.07,81,100,12.17
131,Clarence Town,AU,2021-01-11 20:06:48,-32.5833,151.7833,68.0,82,0,6.91
132,Jumla,NP,2021-01-11 20:06:48,29.2747,82.1838,37.53,48,95,3.94
133,Paamiut,GL,2021-01-11 20:06:48,61.994,-49.6678,28.06,98,100,15.9
134,Bambous Virieux,MU,2021-01-11 20:02:11,-20.3428,57.7575,79.0,100,75,16.11
135,Yigou,CN,2021-01-11 20:06:48,35.8114,114.3167,30.92,67,42,9.86
136,East London,ZA,2021-01-11 20:06:48,-33.0153,27.9116,73.58,86,100,15.95
137,Port Blair,IN,2021-01-11 20:05:07,11.6667,92.75,78.8,80,10,10.85
138,Dapaong,TG,2021-01-11 20:06:48,10.8639,0.205,80.17,16,0,3.6
139,Lamar,US,2021-01-11 20:06:48,33.6668,-95.5836,46.0,49,1,6.91
140,Itarema,BR,2021-01-11 20:06:48,-2.9248,-39.9167,82.33,67,5,13.02
141,Vila Franca Do Campo,PT,2021-01-11 20:06:49,37.7167,-25.4333,59.0,100,75,4.61
142,Narragansett,US,2021-01-11 20:06:49,41.4501,-71.4495,39.0,52,90,9.08
143,Pisco,PE,2021-01-11 20:06:49,-13.7,-76.2167,75.2,73,0,18.41
144,Bethel,US,2021-01-11 20:03:28,41.3712,-73.414,33.01,64,75,2.91
145,The Valley,AI,2021-01-11 20:06:49,18.217,-63.0578,82.4,65,20,14.97
146,Amurzet,RU,2021-01-11 20:06:49,47.6967,131.0981,-2.43,93,90,1.95
147,Aurillac,FR,2021-01-11 20:02:36,44.9167,2.45,25.0,85,0,1.01
148,Haines Junction,CA,2021-01-11 20:06:49,60.7522,-137.5108,10.4,92,62,2.3
149,Luderitz,NA,2021-01-11 20:06:49,-26.6481,15.1594,69.04,65,0,20.29
150,Quelimane,MZ,2021-01-11 20:06:49,-17.8786,36.8883,86.0,74,20,8.05
151,Shimanovsk,RU,2021-01-11 20:06:49,52.0,127.7,-20.34,86,85,5.1
152,Hobart,AU,2021-01-11 20:06:49,-42.8794,147.3294,66.2,68,20,13.8
153,Puyang,CN,2021-01-11 20:06:50,29.4603,119.8861,30.0,1,0,3.74
154,Moose Factory,CA,2021-01-11 20:06:50,51.2585,-80.6094,33.8,86,90,12.66
155,Hilo,US,2021-01-11 20:06:50,19.7297,-155.09,77.0,69,75,3.44
156,Pedernales,DO,2021-01-11 20:06:50,18.0384,-71.744,83.39,58,100,6.04
157,Biak,ID,2021-01-11 20:06:50,-0.9131,122.8766,77.27,78,98,2.57
158,Bacolod,PH,2021-01-11 20:06:50,10.6667,122.95,76.24,87,99,17.18
159,Esperance,AU,2021-01-11 20:04:09,-33.8667,121.9,51.8,76,26,6.91
160,Cabinda,AO,2021-01-11 20:06:50,-5.55,12.2,78.33,83,0,9.17
161,Kholtoson,RU,2021-01-11 20:06:50,50.2981,103.3097,3.81,86,98,5.39
162,Lata,PT,2021-01-11 20:06:50,40.1629,-8.3327,46.0,61,0,6.91
163,Norman Wells,CA,2021-01-11 20:06:51,65.282,-126.8329,-2.2,84,75,3.44
164,Berlevag,NO,2021-01-11 20:06:51,70.8578,29.0864,14.0,57,0,5.75
165,Saint-Philippe,RE,2021-01-11 20:06:51,-21.3585,55.7679,78.8,89,90,2.3
166,Hamilton,US,2021-01-11 20:06:51,39.1834,-84.5333,32.0,59,90,10.36
167,Port Elizabeth,ZA,2021-01-11 20:03:49,-33.918,25.5701,66.2,100,90,16.11
168,Wuhu,CN,2021-01-11 20:06:51,31.3366,118.3755,28.4,59,0,6.71
169,Tuatapere,NZ,2021-01-11 20:06:51,-46.1333,167.6833,52.0,84,0,1.01
170,Cidreira,BR,2021-01-11 20:06:51,-30.1811,-50.2056,79.39,81,0,24.38
171,Bredasdorp,ZA,2021-01-11 20:06:51,-34.5322,20.0403,68.0,83,100,16.11
172,Launceston,AU,2021-01-11 20:06:25,-41.45,147.1667,62.01,94,61,14.97
173,Kahului,US,2021-01-11 20:06:51,20.8947,-156.47,80.6,54,20,5.75
174,Broome,US,2021-01-11 20:06:51,42.2506,-75.833,34.0,74,90,6.91
175,Cumpas,MX,2021-01-11 20:06:51,29.9833,-109.7833,56.05,36,100,5.66
176,Shimoda,JP,2021-01-11 20:06:51,34.6667,138.95,34.0,67,100,3.94
177,Miandrivazo,MG,2021-01-11 20:06:52,-19.5167,45.4667,80.82,81,95,3.11
178,Yongan,CN,2021-01-11 20:06:52,39.6957,113.6871,11.91,75,16,11.68
179,Vao,NC,2021-01-11 20:06:52,-22.6667,167.4833,78.37,86,100,19.95
180,Brae,GB,2021-01-11 20:06:52,60.3964,-1.353,37.4,81,40,27.63
181,Anloga,GH,2021-01-11 20:06:52,5.7947,0.8973,80.6,89,20,10.36
182,Bilibino,RU,2021-01-11 20:06:52,68.0546,166.4372,-26.99,80,1,1.99
183,Nanortalik,GL,2021-01-11 20:06:52,60.1432,-45.2371,30.56,95,100,6.29
184,Cururupu,BR,2021-01-11 20:02:26,-1.8283,-44.8683,84.85,61,31,6.8
185,Mastic Beach,US,2021-01-11 20:06:52,40.7668,-72.8521,37.4,52,40,3.44
186,Olafsvik,IS,2021-01-11 20:06:52,64.8945,-23.7142,29.79,89,0,6.33
187,Qui Nhon,VN,2021-01-11 20:06:52,13.7667,109.2333,64.26,85,100,21.81
188,Zhigansk,RU,2021-01-11 20:06:52,66.7697,123.3711,-43.22,79,79,10.18
189,Aksarka,RU,2021-01-11 20:06:52,66.5606,67.7975,-12.84,78,71,3.85
190,Yamada,JP,2021-01-11 20:06:53,39.4667,141.95,28.38,88,100,2.93
191,Faya,SA,2021-01-11 20:06:53,18.3851,42.4509,46.4,93,40,8.05
192,Verkhnevilyuysk,RU,2021-01-11 20:06:53,63.4453,120.3167,-41.94,81,99,1.48
193,Goundam,ML,2021-01-11 20:06:53,16.4145,-3.6708,75.31,20,0,14.97
194,San Juan,AR,2021-01-11 20:03:47,-31.5375,-68.5364,85.55,26,0,26.51
195,Saldanha,ZA,2021-01-11 20:06:53,-33.0117,17.9442,75.2,50,0,5.75
196,Georgetown,MY,2021-01-11 20:05:35,5.4112,100.3354,78.8,78,20,8.61
197,Codrington,AU,2021-01-11 20:06:53,-38.2667,141.9667,58.05,71,100,12.44
198,Sakakah,SA,2021-01-11 20:06:53,29.9697,40.2064,53.6,62,0,3.44
199,Kawalu,ID,2021-01-11 20:06:53,-7.3817,108.2082,74.57,88,100,0.4
200,Trairi,BR,2021-01-11 20:06:54,-3.2778,-39.2689,81.77,66,21,10.42
201,Maneadero,MX,2021-01-11 20:06:54,31.7167,-116.5667,68.0,36,0,5.01
202,Nouadhibou,MR,2021-01-11 20:06:54,20.931,-17.0347,68.0,52,100,17.27
203,Sidney,AU,2021-01-11 20:02:42,-33.8679,151.2073,69.8,73,0,6.91
204,Tuktoyaktuk,CA,2021-01-11 20:06:54,69.4541,-133.0374,3.2,85,75,12.66
205,Lorengau,PG,2021-01-11 20:06:54,-2.0226,147.2712,82.8,74,100,6.76
206,Balabac,PH,2021-01-11 20:06:54,7.9868,117.0645,80.46,81,100,16.78
207,Trat,TH,2021-01-11 20:06:54,12.5,102.5,61.79,56,82,14.97
208,Ordu,TR,2021-01-11 20:06:54,40.9086,37.6845,53.6,100,75,3.44
209,Khorramabad,IR,2021-01-11 20:06:54,33.4878,48.3558,40.12,53,0,1.34
210,Port Macquarie,AU,2021-01-11 20:06:54,-31.4333,152.9167,62.01,95,12,3.0
211,Chekhov,RU,2021-01-11 20:06:54,55.1431,37.4711,17.6,86,75,2.24
212,Petropavlovka,RU,2021-01-11 20:06:54,50.6114,105.3196,-2.74,85,100,2.04
213,Yenagoa,NG,2021-01-11 20:06:55,4.9247,6.2642,77.94,85,0,5.55
214,Honningsvag,NO,2021-01-11 20:06:55,70.9821,25.9704,21.2,79,0,26.46
215,Skerries,IE,2021-01-11 20:06:55,53.5828,-6.1083,50.0,93,75,18.41
216,Constitucion,CL,2021-01-11 20:06:55,-35.3333,-72.4167,64.81,48,0,21.79
217,Kloulklubed,PW,2021-01-11 20:06:55,7.0419,134.2556,77.0,94,75,15.77
218,Upernavik,GL,2021-01-11 20:06:55,72.7868,-56.1549,26.56,97,100,14.94
219,Port Alfred,ZA,2021-01-11 20:06:55,-33.5906,26.891,73.18,87,100,19.64
220,Tautira,PF,2021-01-11 20:02:10,-17.7333,-149.15,77.0,78,75,3.44
221,Kiunga,PG,2021-01-11 20:06:55,-6.1219,141.2906,74.46,98,100,1.43
222,San Cristobal,VE,2021-01-11 20:06:55,7.7669,-72.225,82.4,65,75,11.5
223,Sovetskiy,RU,2021-01-11 20:06:55,61.3614,63.5842,-25.17,86,0,2.95
224,Avarua,CK,2021-01-11 20:06:56,-21.2078,-159.775,82.4,74,20,10.36
225,Rapar,IN,2021-01-11 20:06:56,23.5667,70.6333,63.39,44,0,9.57
226,Nabire,ID,2021-01-11 20:06:56,-3.3667,135.4833,76.1,92,100,5.21
227,Ayan,RU,2021-01-11 20:06:56,56.45,138.1667,-24.48,72,0,8.61
228,Storforshei,NO,2021-01-11 20:06:56,66.4043,14.5233,21.2,58,40,16.11
229,Alofi,NU,2021-01-11 20:06:56,-19.0595,-169.9187,80.6,83,75,4.61
230,Mirzapur,IN,2021-01-11 20:06:56,25.15,82.5833,57.2,88,0,4.61
231,Boshnyakovo,RU,2021-01-11 20:06:56,49.6333,142.1667,-3.33,89,39,5.28
232,La Ronge,CA,2021-01-11 20:06:56,55.1001,-105.2842,30.2,59,100,2.3
233,Kampot,KH,2021-01-11 20:06:15,10.6167,104.1833,77.0,57,20,11.5
234,Iqaluit,CA,2021-01-11 20:06:57,63.7506,-68.5145,6.8,72,90,3.42
235,Ahipara,NZ,2021-01-11 20:06:57,-35.1667,173.1667,65.62,66,50,4.79
236,Hasaki,JP,2021-01-11 20:06:57,35.7333,140.8333,34.0,93,75,8.05
237,Artyom,AZ,2021-01-11 20:06:57,40.4723,50.333,42.8,93,90,2.3
238,Harper,LR,2021-01-11 20:06:57,4.375,-7.7169,78.73,85,97,7.7
239,Balkhash,KZ,2021-01-11 20:06:57,46.844,74.9804,8.47,86,0,7.87
240,Acajutla,SV,2021-01-11 20:04:03,13.5928,-89.8275,83.91,55,3,5.75
241,Opuwo,NA,2021-01-11 20:06:57,-18.0607,13.84,68.59,59,28,11.18
242,Tefe,BR,2021-01-11 20:06:57,-3.3542,-64.7114,80.6,83,75,6.91
243,Pierre,US,2021-01-11 20:06:57,44.3683,-100.351,46.99,42,1,14.97
244,Tanza,PH,2021-01-11 20:06:57,14.6753,120.9389,75.2,78,75,2.3
245,Candelaria,PH,2021-01-11 20:06:57,13.9311,121.4233,75.99,73,73,8.01
246,Zephyrhills,US,2021-01-11 20:06:58,28.2336,-82.1812,75.2,50,40,14.97
247,Tura,IN,2021-01-11 20:06:58,25.5198,90.2201,60.58,58,7,3.11
248,Lebu,CL,2021-01-11 20:06:58,-37.6167,-73.65,58.33,55,0,16.87
249,Lugovoy,KZ,2021-01-11 20:06:58,42.9472,72.7644,35.42,64,0,6.64
250,Lashio,MM,2021-01-11 20:06:58,22.9333,97.75,55.96,98,59,1.45
251,Khatanga,RU,2021-01-11 20:06:58,71.9667,102.5,-18.4,88,99,8.46
252,Metro,ID,2021-01-11 20:06:58,-5.1131,105.3067,72.95,94,100,9.57
253,Byron Bay,AU,2021-01-11 20:06:58,-28.65,153.6167,62.01,94,40,4.63
254,Dahra,DZ,2021-01-11 20:06:58,36.2546,0.8519,48.2,81,40,9.22
255,Valdivia,CL,2021-01-11 20:06:58,-39.8142,-73.2459,64.4,39,0,9.22
256,Saint George,US,2021-01-11 20:06:58,37.1041,-113.5841,48.99,33,1,2.06
257,Tocopilla,CL,2021-01-11 20:03:09,-22.092,-70.1979,73.27,58,55,11.88
258,Deep River,CA,2021-01-11 20:06:58,46.1001,-77.4995,35.01,69,90,3.44
259,Maun,BW,2021-01-11 20:06:58,-19.9833,23.4167,73.4,100,20,8.05
260,Peniche,PT,2021-01-11 20:06:59,39.3558,-9.3811,45.0,62,0,8.01
261,Isangel,VU,2021-01-11 20:06:59,-19.55,169.2667,78.8,94,75,9.22
262,Mollendo,PE,2021-01-11 20:06:59,-17.0231,-72.0147,72.77,69,97,9.57
263,Pilar De La Horadada,ES,2021-01-11 20:06:59,37.8659,-0.7926,51.01,81,20,3.44
264,Nicoya,CR,2021-01-11 20:04:21,10.1483,-85.452,87.8,55,75,19.57
265,Kroya,ID,2021-01-11 20:06:59,-7.6331,109.2461,77.56,86,100,2.39
266,Oro Valley,US,2021-01-11 20:03:35,32.3909,-110.9665,61.0,24,1,5.99
267,Qasigiannguit,GL,2021-01-11 20:06:59,68.8193,-51.1922,24.8,86,75,5.75
268,Severo-Kurilsk,RU,2021-01-11 20:06:59,50.6789,156.125,24.13,94,89,25.08
269,Palmeira,BR,2021-01-11 20:06:59,-25.4294,-50.0064,79.47,77,5,5.68
270,Antalaha,MG,2021-01-11 20:06:59,-14.9003,50.2788,77.04,86,58,4.68
271,Maturin,VE,2021-01-11 20:06:59,9.75,-63.1767,83.17,57,4,10.25
272,Puerto Del Rosario,ES,2021-01-11 20:06:59,28.5004,-13.8627,60.8,63,40,12.66
273,Mlimba,TZ,2021-01-11 20:06:59,-8.8,35.8167,72.99,87,100,3.94
274,Nanakuli,US,2021-01-11 20:07:00,21.3906,-158.1547,80.6,61,1,6.91
275,Esna,EG,2021-01-11 20:07:00,25.2934,32.554,73.4,56,0,9.22
276,Kurchum,KZ,2021-01-11 20:07:00,48.5722,83.6542,4.35,86,91,3.18
277,Namatanai,PG,2021-01-11 20:07:00,-3.6667,152.4333,79.9,78,100,4.03
278,Havre-Saint-Pierre,CA,2021-01-11 20:07:00,50.2334,-63.5986,17.6,57,1,13.8
279,Anadyr,RU,2021-01-11 20:07:00,64.75,177.4833,-31.0,68,0,8.95
280,Terrasini,IT,2021-01-11 20:07:00,38.146,13.0844,52.0,87,0,4.61
281,Vysokogornyy,RU,2021-01-11 20:07:00,50.1167,139.15,-14.4,87,100,2.89
282,Saint-Ambroise,CA,2021-01-11 20:07:00,48.5501,-71.3324,24.01,74,95,2.3
283,Coxim,BR,2021-01-11 20:07:00,-18.5067,-54.76,95.54,34,9,7.2
284,Matagami,CA,2021-01-11 20:07:00,49.7502,-77.6328,21.2,93,90,10.36
285,Wewak,PG,2021-01-11 20:07:00,-3.5534,143.6268,80.08,77,100,0.67
286,Hangu,CN,2021-01-11 20:07:00,39.2489,117.7892,23.0,39,0,4.47
287,Safranbolu,TR,2021-01-11 20:07:01,41.2508,32.6942,54.72,69,99,1.36
288,Sistranda,NO,2021-01-11 20:07:01,63.7256,8.834,23.0,80,75,8.05
289,Sibilia,GT,2021-01-11 20:07:01,15.0,-91.6167,75.0,46,40,11.5
290,Savonlinna,FI,2021-01-11 20:07:01,61.8699,28.88,14.0,92,90,9.22
291,Pudozh,RU,2021-01-11 20:07:01,61.8099,36.5345,-12.33,88,0,6.53
292,Ibra,OM,2021-01-11 20:07:01,22.6906,58.5334,50.2,62,0,3.53
293,Straubing,DE,2021-01-11 20:07:01,48.8833,12.5667,21.0,10,95,3.15
294,Aldan,RU,2021-01-11 20:07:01,58.6031,125.3894,-29.99,81,57,3.83
295,Shenkursk,RU,2021-01-11 20:07:01,62.1091,42.896,-15.65,87,0,4.52
296,Joshimath,IN,2021-01-11 20:07:01,30.5667,79.5667,44.33,29,0,5.99
297,Kaitangata,NZ,2021-01-11 20:07:01,-46.2817,169.8464,55.24,69,1,2.89
298,Maarianhamina,AX,2021-01-11 20:07:02,60.0973,19.9348,35.6,93,90,28.77
299,Kavaratti,IN,2021-01-11 20:07:02,10.5669,72.642,82.15,74,100,6.91
300,Anito,PH,2021-01-11 20:07:02,12.4497,125.2886,77.4,89,100,16.87
301,Te Anau,NZ,2021-01-11 20:03:19,-45.4167,167.7167,52.52,76,9,1.28
302,Chipiona,ES,2021-01-11 20:07:02,36.7366,-6.437,46.99,87,0,1.14
303,Sungaipenuh,ID,2021-01-11 20:07:02,-2.0833,101.3833,65.59,98,100,0.76
304,Lahij,YE,2021-01-11 20:07:02,13.1667,44.5833,67.59,76,43,8.84
305,Mikkeli,FI,2021-01-11 20:07:02,61.6886,27.2723,16.0,90,96,1.99
306,Russell,US,2021-01-11 20:07:02,32.3502,-85.1999,48.2,81,90,6.91
307,Iquique,CL,2021-01-11 20:07:02,-20.2208,-70.1431,73.4,56,0,21.85
308,Umm Lajj,SA,2021-01-11 20:07:02,25.0213,37.2685,78.49,31,0,12.73
309,Kidal,ML,2021-01-11 20:07:02,18.4411,1.4078,75.13,17,0,6.6
310,Leh,IN,2021-01-11 20:07:02,34.1667,77.5833,2.23,37,0,0.92
311,Qaanaaq,GL,2021-01-11 20:07:02,77.484,-69.3632,0.99,74,0,6.51
312,Kruisfontein,ZA,2021-01-11 20:07:03,-34.0033,24.7314,68.0,93,100,5.01
313,Miyako,JP,2021-01-11 20:07:03,39.6367,141.9525,28.27,87,100,3.76
314,Santa Rosa,PH,2021-01-11 20:07:03,14.3122,121.1114,75.99,78,75,2.3
315,Capreol,CA,2021-01-11 20:07:03,46.706,-80.9225,30.0,74,90,10.36
316,Acarau,BR,2021-01-11 20:07:03,-2.8856,-40.12,83.01,66,4,14.52
317,Talaya,RU,2021-01-11 20:07:03,61.3833,152.75,-30.37,82,100,0.58
318,Manta,EC,2021-01-11 20:07:03,-0.95,-80.7333,82.4,69,40,10.36
319,Orbetello,IT,2021-01-11 20:07:03,42.4408,11.2196,37.4,81,40,8.05
320,Gornopravdinsk,RU,2021-01-11 20:07:03,60.05,69.9,-25.01,85,0,4.23
321,Podgornoye,RU,2021-01-11 20:07:03,51.735,39.1496,21.2,93,90,6.71
322,Andapa,MG,2021-01-11 20:07:03,-14.65,49.65,70.38,91,38,1.28
323,San Quintin,MX,2021-01-11 20:07:03,30.4833,-115.95,65.08,36,0,6.98
324,Cooma,AU,2021-01-11 20:07:03,-36.2333,149.1333,55.4,62,100,4.61
325,Kudahuvadhoo,MV,2021-01-11 20:07:04,2.6708,72.8944,81.1,74,87,9.89
326,Lang Suan,TH,2021-01-11 20:07:04,9.9456,99.0785,75.02,81,43,8.12
327,Lulea,SE,2021-01-11 20:07:04,65.5842,22.1547,28.4,93,90,12.66
328,Ola,RU,2021-01-11 20:07:04,59.5833,151.2833,0.72,90,100,10.98
329,Bandar-E Lengeh,IR,2021-01-11 20:07:04,26.5579,54.8807,61.7,39,0,7.29
330,Ixtapa,MX,2021-01-11 20:06:39,20.7,-105.2,73.4,68,1,10.36
331,Nantucket,US,2021-01-11 20:07:04,41.2835,-70.0995,42.8,75,40,9.22
332,Guadalupe Y Calvo,MX,2021-01-11 20:07:04,26.1,-106.9667,54.64,34,0,11.03
333,Vagur,FO,2021-01-11 20:07:04,61.4732,-6.8119,38.62,75,35,26.8
334,Silute,LT,2021-01-11 20:07:04,55.3489,21.4831,31.24,98,100,14.23
335,Banswara,IN,2021-01-11 20:07:04,23.55,74.45,64.92,53,7,7.47
336,Ust-Koksa,RU,2021-01-11 20:07:04,50.2696,85.6108,16.36,84,100,1.77
337,Zenzeli,RU,2021-01-11 20:07:04,45.9241,47.0474,31.64,93,100,5.39
338,Ende,ID,2021-01-11 20:07:04,-8.8432,121.6623,79.38,77,77,2.08
339,Djambala,CG,2021-01-11 20:07:05,-2.5447,14.7533,70.18,87,100,3.44
340,Zonguldak,TR,2021-01-11 20:07:05,41.25,31.8333,54.0,80,100,4.12
341,Oriximina,BR,2021-01-11 20:07:05,-1.7656,-55.8661,88.14,55,59,3.06
342,Filadelfia,US,2021-01-11 20:04:28,39.9523,-75.1638,41.0,52,90,4.61
343,Shubarshi,KZ,2021-01-11 20:07:05,48.5872,57.1869,19.71,97,73,12.15
344,Salalah,OM,2021-01-11 20:03:28,17.0151,54.0924,71.6,24,0,5.75
345,Meulaboh,ID,2021-01-11 20:07:05,4.1363,96.1285,76.39,85,83,4.59
346,Jatai,BR,2021-01-11 20:07:05,-17.8814,-51.7144,82.2,64,65,6.96
347,Mantua,IT,2021-01-11 20:07:05,45.1667,10.7833,33.01,89,0,1.99
348,Lurgan,GB,2021-01-11 20:07:05,54.4608,-6.3294,45.0,100,75,8.05
349,Ukiah,US,2021-01-11 20:07:05,39.1502,-123.2078,53.01,76,20,5.75
350,Engels,RU,2021-01-11 20:07:05,51.5,46.1167,6.94,93,0,6.6
351,Rock Springs,US,2021-01-11 20:07:05,41.5875,-109.2029,23.0,58,1,9.22
352,Makow Mazowiecki,PL,2021-01-11 20:07:06,52.8649,21.1005,33.01,86,54,11.5
353,Tateyama,JP,2021-01-11 20:07:06,34.9833,139.8667,39.0,44,100,7.0
354,Tondano,ID,2021-01-11 20:05:18,1.3038,124.9112,77.0,94,40,1.79
355,Padang,ID,2021-01-11 20:07:06,-0.9492,100.3543,75.85,88,100,7.29
356,Bafra,TR,2021-01-11 20:07:06,41.5678,35.9069,51.8,87,75,2.3
357,Goderich,CA,2021-01-11 20:07:06,43.7501,-81.7165,30.2,74,100,16.11
358,Dingle,PH,2021-01-11 20:07:06,10.9995,122.6711,74.55,88,100,13.33
359,Pacific Grove,US,2021-01-11 20:03:56,36.6177,-121.9166,57.2,67,1,7.02
360,Komatipoort,ZA,2021-01-11 20:03:02,-25.4332,31.9548,75.2,83,0,2.3
361,Matamoros,MX,2021-01-11 20:06:07,25.5333,-103.25,51.8,46,1,7.0
362,Deer Lake,CA,2021-01-11 20:05:08,49.1667,-57.4316,24.8,80,90,11.5
363,Kardla,EE,2021-01-11 20:07:06,58.9978,22.7492,30.99,92,100,8.99
364,Nukus,UZ,2021-01-11 20:07:06,42.4531,59.6103,32.0,80,0,4.61
365,Chunskiy,RU,2021-01-11 20:07:07,56.0815,99.6342,-9.18,89,100,6.58
366,Saravena,CO,2021-01-11 20:07:07,6.9538,-71.8752,81.97,63,74,3.49
367,Ruteng,ID,2021-01-11 20:07:07,-8.6136,120.4721,64.53,100,94,0.27
368,Jonesboro,US,2021-01-11 20:04:06,35.8423,-90.7043,33.8,64,90,5.75
369,Manzhouli,CN,2021-01-11 20:07:07,49.6,117.4333,-2.79,91,100,4.09
370,Barra,BR,2021-01-11 20:07:07,-11.0894,-43.1417,89.11,45,16,3.91
371,Amlagora,IN,2021-01-11 20:07:07,22.8333,87.3333,65.19,52,41,5.88
372,Imbituba,BR,2021-01-11 20:06:14,-28.24,-48.6703,86.0,62,40,12.66
373,Katherine,AU,2021-01-11 20:07:07,-14.4667,132.2667,78.8,78,49,4.61
374,Aklavik,CA,2021-01-11 20:07:07,68.2191,-135.0107,-0.4,78,90,3.44
375,Safford,US,2021-01-11 20:07:07,32.834,-109.7076,48.2,37,1,6.91
376,Douentza,ML,2021-01-11 20:07:07,14.9951,-2.9517,74.88,18,0,5.48
377,Faanui,PF,2021-01-11 20:07:07,-16.4833,-151.75,81.39,76,100,23.73
378,Arman,RU,2021-01-11 20:07:08,59.7,150.1667,-2.65,90,100,10.67
379,Longyearbyen,SJ,2021-01-11 20:06:46,78.2186,15.6401,15.8,79,0,9.22
380,Beringovskiy,RU,2021-01-11 20:07:08,63.05,179.3167,-21.77,83,52,14.03
381,Sorland,NO,2021-01-11 20:07:08,67.667,12.6934,32.0,69,40,16.11
382,Esso,RU,2021-01-11 20:07:08,55.9333,158.7,-1.82,76,79,2.91
383,Marawi,PH,2021-01-11 20:07:08,7.9986,124.2928,75.0,95,45,3.0
384,Camocim,BR,2021-01-11 20:07:08,-2.9022,-40.8411,83.7,65,1,14.85
385,Elblag,PL,2021-01-11 20:07:08,54.1522,19.4088,32.0,88,97,8.01
386,Ojinaga,MX,2021-01-11 20:07:08,29.5667,-104.4167,41.0,48,40,3.44
387,Vicksburg,US,2021-01-11 20:04:27,32.3526,-90.8779,35.6,80,90,6.91
388,Lagoa,PT,2021-01-11 20:07:08,39.05,-27.9833,61.84,93,100,14.97
389,Yarada,IN,2021-01-11 20:07:08,17.65,83.2667,66.2,94,40,2.3
390,Waingapu,ID,2021-01-11 20:07:09,-9.6567,120.2641,81.16,77,62,1.43
391,Solnechnyy,RU,2021-01-11 20:07:09,50.7214,136.6319,-12.46,81,90,2.17
392,Coihaique,CL,2021-01-11 20:07:09,-45.5752,-72.0662,53.6,54,75,10.36
393,Moranbah,AU,2021-01-11 20:07:09,-22.0016,148.0466,70.07,91,71,17.69
394,Parksville,CA,2021-01-11 20:06:20,49.3163,-124.3195,48.2,84,100,26.46
395,Kushiro,JP,2021-01-11 20:07:09,42.975,144.3747,18.21,88,100,4.92
396,Madimba,TZ,2021-01-11 20:07:09,-10.4,40.3333,77.0,94,75,11.5
397,Lavrentiya,RU,2021-01-11 20:07:09,65.5833,-171.0,-12.8,82,100,11.48
398,Aktash,RU,2021-01-11 20:07:09,50.3,87.7333,10.92,92,100,5.23
399,Wanning,CN,2021-01-11 20:07:09,18.8003,110.3967,51.33,78,100,14.5
400,Mount Gambier,AU,2021-01-11 20:07:09,-37.8333,140.7667,57.2,67,90,12.66
401,Labuhan,ID,2021-01-11 20:07:09,-6.8844,112.2051,78.3,86,100,7.49
402,Port Lincoln,AU,2021-01-11 20:07:09,-34.7333,135.8667,59.47,75,88,14.09
403,Araouane,ML,2021-01-11 20:07:10,18.9048,-3.5265,67.66,24,0,12.01
404,Sorgun,TR,2021-01-11 20:07:10,39.8101,35.186,50.77,78,100,13.53
405,Komsomolskiy,UZ,2021-01-11 20:07:10,40.4272,71.7189,28.4,59,0,6.91
406,Nuuk,GL,2021-01-11 20:07:10,64.1835,-51.7216,23.0,93,75,8.05
407,Neyshabur,IR,2021-01-11 20:07:10,36.2133,58.7958,35.11,58,0,0.98
408,Narsaq,GL,2021-01-11 20:07:10,60.9167,-46.05,42.8,33,75,24.16
409,Batangafo,CF,2021-01-11 20:02:27,7.3008,18.2833,77.0,18,0,3.91
410,Kalangala,UG,2021-01-11 20:07:10,-0.3089,32.225,74.17,67,15,3.85
411,Tocache,PE,2021-01-11 20:07:10,-8.1842,-76.5125,84.24,66,45,3.29
412,Penzance,GB,2021-01-11 20:07:10,50.1186,-5.5371,48.2,87,90,16.11
413,Waipawa,NZ,2021-01-11 20:03:39,-41.4122,175.5153,66.0,72,75,4.61
414,Benghazi,LY,2021-01-11 20:07:10,32.1167,20.0667,69.75,48,0,19.71
415,Kabompo,ZM,2021-01-11 20:07:11,-13.5927,24.2008,67.08,94,100,3.94
416,Bonavista,CA,2021-01-11 20:07:11,48.6499,-53.1147,26.01,93,54,2.3
417,Xining,CN,2021-01-11 20:07:11,36.6167,101.7667,9.32,61,0,3.69
418,Corpus Christi,US,2021-01-11 20:06:57,27.8006,-97.3964,51.8,50,75,9.22
419,Cabo San Lucas,MX,2021-01-11 20:02:52,22.8909,-109.9124,73.0,43,1,11.5
420,Pevek,RU,2021-01-11 20:07:11,69.7008,170.3133,-31.79,85,27,0.58
421,Mbale,UG,2021-01-11 20:07:11,1.0821,34.175,69.85,60,26,3.36
422,Yulara,AU,2021-01-11 20:07:11,-25.2406,130.9889,78.8,21,1,9.22
423,Istanbul,TR,2021-01-11 20:03:33,41.0351,28.9833,57.2,88,75,10.36
424,Kungurtug,RU,2021-01-11 20:07:11,50.5994,97.5228,7.39,91,100,3.31
425,Richards Bay,ZA,2021-01-11 20:07:11,-28.783,32.0377,74.89,87,55,1.25
426,Dakar,SN,2021-01-11 20:07:12,14.6937,-17.4441,66.2,72,98,13.8
427,Ustyuzhna,RU,2021-01-11 20:07:12,58.8394,36.4321,-9.98,91,94,5.41
428,Chalmette,US,2021-01-11 20:07:12,29.9427,-89.9634,45.0,81,90,9.22
429,Athabasca,CA,2021-01-11 20:07:12,54.7169,-113.2854,28.4,69,4,3.44
430,Tabuk,PH,2021-01-11 20:07:12,17.4189,121.4443,62.83,84,27,4.83
431,Atambua,ID,2021-01-11 20:07:12,-9.1061,124.8925,75.18,87,48,2.19
432,Ciudad Bolivar,VE,2021-01-11 20:07:12,8.1222,-63.5497,86.97,53,18,13.11
433,Cabra,ES,2021-01-11 20:07:12,37.4725,-4.4421,39.0,79,6,2.84
434,Bitung,ID,2021-01-11 20:07:12,1.4451,125.1824,77.0,94,40,3.94
435,Tchaourou,BJ,2021-01-11 20:07:12,8.8865,2.5975,82.9,15,0,3.83
436,Teeli,RU,2021-01-11 20:07:12,51.0333,90.2333,12.96,86,100,1.39
437,Acari,PE,2021-01-11 20:07:12,-15.4311,-74.6158,79.95,52,65,11.52
438,Tanout,NE,2021-01-11 20:07:12,14.9709,8.8879,72.05,19,0,11.92
439,Mezhova,UA,2021-01-11 20:07:13,48.2532,36.7347,27.46,94,100,1.25
440,Yar-Sale,RU,2021-01-11 20:07:13,66.8333,70.8333,-8.43,82,93,11.36
441,Bergen,NO,2021-01-11 20:07:13,60.392,5.328,27.0,100,40,1.14
442,Ampanihy,MG,2021-01-11 20:07:13,-24.7,44.75,75.92,72,0,10.0
443,Camana,PE,2021-01-11 20:07:13,-16.6228,-72.7111,73.4,70,100,8.7
444,Otane,NZ,2021-01-11 20:07:13,-39.8833,176.6333,61.0,88,90,5.01
445,Taoudenni,ML,2021-01-11 20:07:13,22.6783,-3.9836,63.72,28,80,9.46
446,Buraydah,SA,2021-01-11 20:07:13,26.326,43.975,55.4,67,0,4.61
447,Jalu,LY,2021-01-11 20:07:13,29.0331,21.5482,67.03,39,49,10.09
448,Conde,BR,2021-01-11 20:07:13,-7.2597,-34.9075,80.6,78,40,9.22
449,Sept-Iles,CA,2021-01-11 20:07:13,50.2001,-66.3821,23.0,68,3,5.75
450,Kayan,MM,2021-01-11 20:07:14,16.9056,96.5631,75.2,94,20,2.3
451,Vestmanna,FO,2021-01-11 20:07:14,62.1564,-7.1664,37.4,70,75,24.16
452,Morant Bay,JM,2021-01-11 20:07:14,17.8815,-76.4093,84.99,74,20,23.02
453,Uvat,RU,2021-01-11 20:07:14,59.1433,68.8953,-24.3,86,0,5.59
454,Kualakapuas,ID,2021-01-11 20:07:14,-3.0091,114.3876,75.2,100,75,6.91
455,Santa Vitoria Do Palmar,BR,2021-01-11 20:07:14,-33.5189,-53.3681,73.08,89,100,5.55
456,Slave Lake,CA,2021-01-11 20:07:14,55.2834,-114.769,19.4,86,100,8.05
457,Esfahan,IR,2021-01-11 20:07:14,32.6572,51.6776,19.4,49,0,4.61
458,Samarai,PG,2021-01-11 20:07:14,-10.6167,150.6667,82.62,76,100,6.96
459,Aswan,EG,2021-01-11 20:07:14,24.0934,32.907,67.77,50,0,12.93
460,Sembakung,ID,2021-01-11 20:07:14,3.8167,117.25,74.73,96,99,1.99
461,Novotroitskaya,RU,2021-01-11 20:07:15,45.3267,41.5253,26.6,100,90,4.47
462,Caldas Novas,BR,2021-01-11 20:07:15,-17.7417,-48.625,85.28,58,71,1.81
463,Ryotsu,JP,2021-01-11 20:04:03,38.0833,138.4333,37.11,77,100,7.14
464,Kitimat,CA,2021-01-11 20:07:15,54.0524,-128.6534,36.0,96,100,6.87
465,Tarkwa,GH,2021-01-11 20:02:18,5.3064,-1.9847,76.21,91,1,5.7
466,Baiyin,CN,2021-01-11 20:07:15,36.5583,104.2081,18.0,60,0,8.95
467,Caravelas,BR,2021-01-11 20:07:15,-17.7125,-39.2481,81.16,72,0,10.09
468,Corinto,GR,2021-01-11 20:07:15,37.9407,22.9573,64.99,82,20,3.53
469,Ostrovnoy,RU,2021-01-11 20:07:15,68.0531,39.5131,4.59,91,1,17.02
470,Villa Bruzual,VE,2021-01-11 20:07:15,9.3328,-69.1208,85.53,58,100,2.89
471,Lompoc,US,2021-01-11 20:05:16,34.6391,-120.4579,63.0,51,1,4.61
472,Takoradi,GH,2021-01-11 20:07:15,4.8845,-1.7554,79.61,84,0,9.71
473,Bathsheba,BB,2021-01-11 20:07:16,13.2167,-59.5167,80.6,69,40,17.27
474,Braganca,BR,2021-01-11 20:07:16,-1.0536,-46.7656,84.51,65,3,6.46
475,Elko,US,2021-01-11 20:07:16,41.0002,-115.5012,30.2,59,1,4.61
476,Castlegar,CA,2021-01-11 20:07:16,49.2998,-117.6689,35.6,93,100,2.3
477,Yamaga,JP,2021-01-11 20:07:16,33.0167,130.6833,39.0,64,98,1.99
478,Larsnes,NO,2021-01-11 20:07:16,62.2028,5.5773,28.99,93,90,1.14
479,Poli,TZ,2021-01-11 20:07:16,-3.3333,36.8,71.6,94,40,4.47
480,Talant,FR,2021-01-11 20:07:16,47.3369,5.0089,24.8,80,0,3.44
481,Asyut,EG,2021-01-11 20:07:16,27.181,31.1837,68.0,60,0,11.5
482,Edson,CA,2021-01-11 20:03:30,53.5835,-116.4356,30.2,69,1,3.44
483,Bada,RU,2021-01-11 20:07:16,51.392,109.8717,-5.53,88,97,3.62
484,Victor Harbor,AU,2021-01-11 20:07:16,-35.5667,138.6167,60.01,76,88,4.0
485,Gidole,ET,2021-01-11 20:07:17,5.65,37.3667,64.9,53,90,1.01
486,Vanimo,PG,2021-01-11 20:07:17,-2.6741,141.3028,77.58,85,64,4.43
487,Mackay,AU,2021-01-11 20:07:17,-21.15,149.2,73.4,100,90,12.66
488,Erenhot,CN,2021-01-11 20:03:21,43.6475,111.9767,8.64,86,70,17.0
489,Charters Towers,AU,2021-01-11 20:07:17,-20.1,146.2667,72.68,90,87,6.98
490,Ancud,CL,2021-01-11 20:07:17,-41.8697,-73.8203,64.0,38,40,8.05
491,Gondar,ET,2021-01-11 20:07:17,12.6,37.4667,54.61,41,0,5.37
492,Labrea,BR,2021-01-11 20:07:17,-7.2586,-64.7981,86.04,78,61,3.02
493,Vashkivtsi,UA,2021-01-11 20:07:17,48.3849,25.5102,32.0,90,75,7.83
494,Loralai,PK,2021-01-11 20:07:17,30.3705,68.598,39.56,47,0,3.49
495,Pingxiang,CN,2021-01-11 20:07:17,27.6167,113.85,33.82,79,0,1.92
496,Bogovarovo,RU,2021-01-11 20:07:18,58.9785,47.0246,-14.53,89,88,6.04
497,Cap Malheureux,MU,2021-01-11 20:07:18,-19.9842,57.6142,79.0,90,94,10.0
498,Grand Gaube,MU,2021-01-11 20:07:18,-20.0064,57.6608,79.0,90,94,10.0
499,Saint Andrews,US,2021-01-11 20:07:18,34.0454,-81.1293,50.0,66,90,4.61
500,Saint-Augustin,CA,2021-01-11 20:07:18,51.226,-58.6502,18.55,82,33,9.08
501,Ikom,NG,2021-01-11 20:07:18,5.9667,8.7063,81.66,53,0,4.5
502,Aykhal,RU,2021-01-11 20:07:18,66.0,111.5,-31.7,81,61,5.41
503,Sur,OM,2021-01-11 20:07:18,22.5667,59.5289,65.79,48,0,10.11
504,Ossora,RU,2021-01-11 20:07:18,59.2353,163.0719,4.86,93,100,8.81
505,Terrace,CA,2021-01-11 20:07:18,54.5163,-128.6035,35.6,93,75,12.66
506,Sivaki,RU,2021-01-11 20:07:18,52.6333,126.75,-20.33,88,100,6.85
507,Bogatyye Saby,RU,2021-01-11 20:07:18,56.0102,50.4483,-7.11,91,94,7.43
508,Flinders,AU,2021-01-11 20:07:19,-34.5833,150.8552,69.01,87,100,1.01
509,Petropavlovsk-Kamchatskiy,RU,2021-01-11 20:07:19,53.0452,158.6483,-2.2,78,13,11.18
510,Half Moon Bay,US,2021-01-11 20:07:19,37.4636,-122.4286,57.0,82,1,12.66
511,Vrede,ZA,2021-01-11 20:07:19,-27.4257,29.1659,60.21,77,30,7.72
512,Norfolk,US,2021-01-11 20:05:47,42.1668,-71.2495,37.0,56,100,3.58
513,Vestmannaeyjar,IS,2021-01-11 20:07:19,63.4427,-20.2734,36.03,79,0,10.96
514,Taltal,CL,2021-01-11 20:07:19,-25.4,-70.4833,70.38,57,100,7.72
515,Dutlwe,BW,2021-01-11 20:07:19,-23.9833,23.9,81.12,45,57,14.03
516,Nizhnevartovsk,RU,2021-01-11 20:07:19,60.9344,76.5531,-32.8,75,20,4.47
517,Zhuhai,CN,2021-01-11 20:07:19,22.2769,113.5678,48.2,43,0,21.85
518,Brownsville,US,2021-01-11 20:07:03,25.9018,-97.4975,48.2,57,90,11.5
519,Champerico,GT,2021-01-11 20:07:20,14.3,-91.9167,93.2,43,20,4.61
520,Yafran,LY,2021-01-11 20:07:20,32.0633,12.5286,55.36,81,38,2.93
521,Sitka,US,2021-01-11 20:07:20,57.0531,-135.33,42.8,75,90,23.02
522,Abu Dhabi,AE,2021-01-11 20:07:20,24.4667,54.3667,64.4,63,0,2.3
523,Touros,BR,2021-01-11 20:07:20,-5.1989,-35.4608,82.4,65,20,16.11
524,Bereda,ES,2021-01-11 20:07:20,43.2686,-7.5406,32.0,91,1,1.99
525,General Pico,AR,2021-01-11 20:07:20,-35.6566,-63.7568,80.51,16,0,21.07
526,Bayana,IN,2021-01-11 20:07:20,26.9,77.2833,49.69,49,0,5.35
527,Silver City,US,2021-01-11 20:07:20,32.7701,-108.2803,39.99,45,1,9.22
528,Siocon,PH,2021-01-11 20:07:20,7.7061,122.1353,78.31,85,76,9.1
529,Hoquiam,US,2021-01-11 20:07:20,46.9809,-123.8893,48.99,93,90,26.46
530,Beloha,MG,2021-01-11 20:07:20,-25.1667,45.05,75.74,81,0,14.03
531,Camacha,PT,2021-01-11 20:07:20,33.0833,-16.3333,59.0,58,75,13.8
532,Vaitape,PF,2021-01-11 20:07:21,-16.5167,-151.75,81.64,75,99,22.95
533,Khuzdar,PK,2021-01-11 20:07:21,27.7384,66.6434,46.29,39,0,4.59
534,Henties Bay,NA,2021-01-11 20:07:21,-22.116,14.2845,69.01,83,99,5.99
535,Mogadishu,SO,2021-01-11 20:05:49,2.0371,45.3438,76.35,75,0,24.43
536,Pochutla,MX,2021-01-11 20:07:21,15.7432,-96.4661,89.6,45,1,8.05
537,Jand,PK,2021-01-11 20:07:21,33.4299,72.0193,46.92,42,0,2.95
538,Avera,US,2021-01-11 20:07:21,33.194,-82.5271,50.0,66,90,6.91
539,Plastun,RU,2021-01-11 20:07:21,44.7561,136.2939,6.35,78,100,4.27
540,Turayf,SA,2021-01-11 20:04:50,31.6725,38.6637,50.0,57,0,4.61
541,Comodoro Rivadavia,AR,2021-01-11 20:07:21,-45.8667,-67.5,66.2,37,40,6.91
542,Gambela,ET,2021-01-11 20:07:21,8.25,34.5833,81.39,24,27,1.63
543,Eureka,US,2021-01-11 20:07:21,40.8021,-124.1637,60.01,67,1,5.75
544,Rapid City,US,2021-01-11 20:04:41,44.0805,-103.231,53.01,30,1,17.27
545,Puri,IN,2021-01-11 20:07:22,19.8,85.85,73.4,83,40,6.42
546,Honiara,SB,2021-01-11 20:07:22,-9.4333,159.95,79.54,80,100,2.53
547,Jipijapa,EC,2021-01-11 20:07:22,-1.3333,-80.5833,82.4,69,40,10.36
548,Gillette,US,2021-01-11 20:07:22,44.2911,-105.5022,41.0,45,1,11.5
549,Bilisht,AL,2021-01-11 20:07:22,40.6275,20.99,45.81,87,26,2.3
550,Borba,BR,2021-01-11 20:07:22,-4.3878,-59.5939,83.37,82,34,2.77
551,Srednekolymsk,RU,2021-01-11 20:07:22,67.45,153.6833,-35.05,82,4,4.45
552,Belmonte,BR,2021-01-11 20:07:22,-15.8631,-38.8828,84.2,79,75,3.44
553,Kozhva,RU,2021-01-11 20:07:22,65.1073,57.0459,-16.78,85,76,2.71
554,Chicama,PE,2021-01-11 20:07:22,-7.8447,-79.1469,78.67,58,29,11.99
555,Svetlyy,RU,2021-01-11 20:07:22,54.675,20.1347,33.8,86,90,13.42
556,Kondinskoye,RU,2021-01-11 20:07:22,59.6481,67.41,-26.55,86,0,7.11
557,Salaga,GH,2021-01-11 20:07:22,8.5508,-0.5188,88.57,29,12,4.5
558,Eston,CA,2021-01-11 20:07:22,51.1501,-108.7514,28.4,93,75,16.11
559,Dothan,US,2021-01-11 20:05:52,31.2232,-85.3905,50.0,93,90,4.61
560,Waverly,US,2021-01-11 20:07:23,42.7392,-84.6208,28.0,74,90,12.66
561,Oranjemund,NA,2021-01-11 20:07:23,-28.55,16.4333,64.2,87,0,8.68
562,Okoneshnikovo,RU,2021-01-11 20:07:23,54.8377,75.0834,-14.78,88,100,13.47
563,Sinnamary,GF,2021-01-11 20:07:23,5.3833,-52.95,79.56,82,23,14.09
564,Margate,GB,2021-01-11 20:07:23,51.3813,1.3862,45.0,82,100,4.0
565,Nome,US,2021-01-11 20:07:23,64.5011,-165.4064,15.8,73,90,12.66
566,Vila Velha,BR,2021-01-11 20:02:58,-20.3297,-40.2925,82.4,69,40,18.41
567,Trim,IE,2021-01-11 20:07:23,53.555,-6.7917,50.0,93,75,18.41
568,Dovers,VC,2021-01-11 20:07:23,12.8833,-61.1833,77.0,83,40,13.8
569,Emerald,AU,2021-01-11 20:05:13,-23.5333,148.1667,71.6,94,75,3.44
570,Birao,CF,2021-01-11 20:07:23,10.2849,22.7882,70.66,22,7,6.04
571,Rockingham,US,2021-01-11 20:07:23,42.9668,-71.0995,34.0,47,100,1.5
572,Wharton,US,2021-01-11 20:07:23,29.3116,-96.1027,41.0,70,90,13.8
573,Praia Da Vitoria,PT,2021-01-11 20:07:23,38.7333,-27.0667,62.6,94,40,9.53
574,Rio Grande,BR,2021-01-11 20:05:54,-32.035,-52.0986,80.6,89,75,14.97
575,Barinas,VE,2021-01-11 20:07:24,8.6226,-70.2075,85.28,56,94,5.46
576,Lac Du Bonnet,CA,2021-01-11 20:07:24,50.2536,-96.0612,26.01,100,96,3.0
577,Fairbanks,US,2021-01-11 20:07:24,64.8378,-147.7164,28.4,80,75,3.44
578,Baruun-Urt,MN,2021-01-11 20:07:24,46.6806,113.2792,-5.93,87,33,10.42
579,Villarrica,PY,2021-01-11 20:07:24,-25.75,-56.4333,93.31,56,1,6.15
580,Rio Gallegos,AR,2021-01-11 20:07:24,-51.6226,-69.2181,55.4,33,40,24.16
581,Roma,US,2021-01-11 20:06:04,43.2128,-75.4557,34.0,75,75,6.91
582,Ryki,PL,2021-01-11 20:07:24,51.6257,21.9327,28.99,50,32,9.8
583,Olinda,BR,2021-01-11 20:07:24,-8.0089,-34.8553,80.6,65,20,8.05
584,Sao Joaquim,BR,2021-01-11 20:07:24,-28.2939,-49.9317,76.69,65,25,1.74
585,Mareeba,AU,2021-01-11 20:07:24,-17.0,145.4333,75.99,96,99,1.1
586,Tamasane,BW,2021-01-11 20:07:25,-22.4184,27.4013,76.3,51,57,10.67
587,Tabat,ID,2021-01-11 20:07:25,-2.635,115.2274,75.15,95,100,1.83
588,Kannur,IN,2021-01-11 20:07:25,11.8675,75.3576,76.8,85,100,3.71
589,Muswellbrook,AU,2021-01-11 20:07:25,-32.2667,150.9,61.38,89,11,1.95
590,Kabelvag,NO,2021-01-11 20:07:25,68.2114,14.4817,28.4,64,20,9.22
