City_ID,City,Lat,Lng,Max Temp,Humidity,Cloudiness,Wind Speed,Country,Date,Description
0,Khatanga,71.9667,102.5,-50.55,76,50,1.52,RU,2021-01-14 23:46:55,scattered clouds
1,Jablanica,43.6603,17.7617,37.4,44,20,14.97,BA,2021-01-14 23:46:55,few clouds
2,Iquitos,-3.7481,-73.2472,75.2,94,90,8.05,PE,2021-01-14 23:46:55,moderate rain
3,Atuona,-9.8,-139.0333,77.43,77,18,13.18,PF,2021-01-14 23:46:55,few clouds
4,Kunda,25.7167,81.5167,45.05,62,8,2.89,IN,2021-01-14 23:46:55,clear sky
5,Tutoia,-2.7619,-42.2744,79.99,80,93,14.34,BR,2021-01-14 23:46:56,overcast clouds
6,Vao,-22.6667,167.4833,76.86,92,100,11.14,NC,2021-01-14 23:46:56,overcast clouds
7,Barrow,71.2906,-156.7887,-11.2,77,1,13.8,US,2021-01-14 23:45:04,clear sky
8,Usinsk,65.9939,57.5281,-16.15,86,100,5.57,RU,2021-01-14 23:46:56,overcast clouds
9,Punta Arenas,-53.15,-70.9167,55.4,71,0,12.66,CL,2021-01-14 23:43:30,clear sky
10,Ca Mau,9.1769,105.15,70.54,87,80,3.85,VN,2021-01-14 23:46:56,broken clouds
11,Norman Wells,65.282,-126.8329,-0.4,85,40,4.61,CA,2021-01-14 23:46:56,scattered clouds
12,Lorengau,-2.0226,147.2712,85.28,67,100,9.75,PG,2021-01-14 23:46:56,overcast clouds
13,Mataura,-46.1927,168.8643,73.0,64,37,3.0,NZ,2021-01-14 23:46:56,scattered clouds
14,Albany,42.6001,-73.9662,36.0,72,100,0.49,US,2021-01-14 23:46:35,overcast clouds
15,Ushuaia,-54.8,-68.3,53.6,58,20,10.36,AR,2021-01-14 23:45:28,few clouds
16,Novoorsk,51.381,58.9813,12.2,79,90,20.13,RU,2021-01-14 23:46:56,snow
17,Lavrentiya,65.5833,-171.0,5.0,92,97,6.13,RU,2021-01-14 23:46:56,overcast clouds
18,Urengoy,65.9667,78.3667,-3.15,92,100,3.51,RU,2021-01-14 23:46:56,overcast clouds
19,Gucheng,35.9115,111.3192,34.21,68,93,1.77,CN,2021-01-14 23:46:57,overcast clouds
20,Phan Thiet,10.9333,108.1,69.3,83,21,5.84,VN,2021-01-14 23:46:57,few clouds
21,Yellowknife,62.456,-114.3525,6.8,85,75,5.75,CA,2021-01-14 23:42:13,broken clouds
22,Vaini,-21.2,-175.2,84.2,84,20,10.36,TO,2021-01-14 23:46:57,few clouds
23,Rikitea,-23.1203,-134.9692,78.35,74,70,11.61,PF,2021-01-14 23:46:57,broken clouds
24,Alice Springs,-23.7,133.8833,87.8,25,0,17.27,AU,2021-01-14 23:42:15,clear sky
25,Butaritari,3.0707,172.7902,81.36,76,47,20.49,KI,2021-01-14 23:46:57,scattered clouds
26,Ukiah,39.1502,-123.2078,68.0,45,1,4.68,US,2021-01-14 23:46:57,clear sky
27,Jijiga,9.35,42.8,57.76,55,7,2.98,ET,2021-01-14 23:44:17,clear sky
28,Ormara,25.2088,64.6357,66.38,47,0,4.5,PK,2021-01-14 23:46:57,clear sky
29,Rognan,67.0953,15.3878,28.99,91,100,3.4,NO,2021-01-14 23:46:57,overcast clouds
30,Bluff,-46.6,168.3333,73.0,64,15,3.0,NZ,2021-01-14 23:46:57,few clouds
31,Ugoofaaru,5.6667,73.0,81.01,78,58,7.25,MV,2021-01-14 23:46:57,broken clouds
32,Cape Town,-33.9258,18.4232,69.01,82,75,12.66,ZA,2021-01-14 23:46:27,broken clouds
33,Richards Bay,-28.783,32.0377,75.4,82,82,10.2,ZA,2021-01-14 23:46:58,broken clouds
34,Sitka,57.0531,-135.33,42.8,70,90,26.46,US,2021-01-14 23:46:58,light rain
35,Port Alfred,-33.5906,26.891,74.3,89,99,15.86,ZA,2021-01-14 23:46:58,overcast clouds
36,Alugan,12.2188,125.4808,80.46,80,78,7.07,PH,2021-01-14 23:46:58,broken clouds
37,Busselton,-33.65,115.3333,64.0,70,30,5.01,AU,2021-01-14 23:46:58,scattered clouds
38,Hobart,-42.8794,147.3294,59.0,55,75,5.75,AU,2021-01-14 23:45:03,light rain
39,Padang,-0.9492,100.3543,76.98,72,77,4.14,ID,2021-01-14 23:44:52,broken clouds
40,Russell,32.3502,-85.1999,55.4,44,1,9.22,US,2021-01-14 23:45:05,clear sky
41,Poum,-20.2333,164.0167,79.52,86,97,12.03,NC,2021-01-14 23:46:58,light rain
42,Sao Joao Da Barra,-21.6403,-41.0511,76.15,88,0,13.09,BR,2021-01-14 23:46:58,clear sky
43,Banda Aceh,5.5577,95.3222,77.11,84,81,9.46,ID,2021-01-14 23:42:51,broken clouds
44,Hermanus,-34.4187,19.2345,64.0,85,1,11.99,ZA,2021-01-14 23:43:08,clear sky
45,Dikson,73.5069,80.5464,-29.04,80,2,5.53,RU,2021-01-14 23:46:58,clear sky
46,Touros,-5.1989,-35.4608,80.6,74,20,11.5,BR,2021-01-14 23:46:58,few clouds
47,Grand-Santi,4.25,-54.3833,72.5,97,88,2.77,GF,2021-01-14 23:46:58,overcast clouds
48,Front Royal,38.9182,-78.1944,44.01,42,1,2.59,US,2021-01-14 23:46:59,clear sky
49,Ayagoz,47.9714,80.4392,-11.96,82,0,11.95,KZ,2021-01-14 23:46:59,clear sky
50,Gondanglegi,-7.7479,112.0132,77.83,81,100,5.64,ID,2021-01-14 23:46:59,overcast clouds
51,Puerto Ayora,-0.7393,-90.3518,75.99,91,55,5.99,EC,2021-01-14 23:46:06,broken clouds
52,San Ramon,37.7799,-121.978,69.01,42,1,10.36,US,2021-01-14 23:42:39,clear sky
53,Dargaville,-35.9333,173.8833,73.09,56,1,7.94,NZ,2021-01-14 23:46:59,clear sky
54,Kaitangata,-46.2817,169.8464,66.0,74,92,4.0,NZ,2021-01-14 23:46:59,overcast clouds
55,Longyearbyen,78.2186,15.6401,23.0,86,75,6.91,SJ,2021-01-14 23:46:59,broken clouds
56,Muros,42.7762,-9.0603,51.01,90,47,4.7,ES,2021-01-14 23:46:59,scattered clouds
57,Okhotsk,59.3833,143.3,-14.39,79,87,8.46,RU,2021-01-14 23:46:59,overcast clouds
58,Hobyo,5.3505,48.5268,75.78,79,20,18.54,SO,2021-01-14 23:46:59,few clouds
59,Kerema,-7.9631,145.7785,84.34,75,68,9.6,PG,2021-01-14 23:46:59,moderate rain
60,Buluang,13.3068,123.3425,78.12,89,69,3.33,PH,2021-01-14 23:47:00,broken clouds
61,Chester,40.1254,-75.8749,41.0,65,20,3.27,US,2021-01-14 23:47:00,few clouds
62,Katsuura,35.1333,140.3,46.99,76,75,9.22,JP,2021-01-14 23:47:00,light rain
63,Kodiak,57.79,-152.4072,39.2,93,90,23.02,US,2021-01-14 23:47:00,light rain
64,Jatiroto,-7.8833,111.1167,76.01,77,100,3.53,ID,2021-01-14 23:47:00,moderate rain
65,Namibe,-15.1961,12.1522,72.32,72,13,5.01,AO,2021-01-14 23:47:00,few clouds
66,Ola,59.5833,151.2833,-18.76,79,0,7.07,RU,2021-01-14 23:47:00,clear sky
67,Torbay,47.6666,-52.7314,33.01,100,90,2.3,CA,2021-01-14 23:47:00,snow
68,Salalah,17.0151,54.0924,75.2,13,0,5.75,OM,2021-01-14 23:47:00,clear sky
69,Ostrovnoy,68.0531,39.5131,-0.06,93,61,20.42,RU,2021-01-14 23:47:01,broken clouds
70,Halifax,44.6453,-63.5724,37.4,100,90,5.53,CA,2021-01-14 23:44:50,light intensity drizzle
71,Tamala,52.541,43.2515,14.2,97,100,3.8,RU,2021-01-14 23:47:01,overcast clouds
72,Alamos,27.0167,-108.9333,79.0,38,0,5.1,MX,2021-01-14 23:47:01,clear sky
73,Novoulyanovsk,54.1496,48.3891,14.0,85,90,8.95,RU,2021-01-14 23:47:01,overcast clouds
74,Tasiilaq,65.6145,-37.6368,37.4,75,75,12.66,GL,2021-01-14 23:47:01,light snow
75,Pevek,69.7008,170.3133,-18.08,89,75,2.19,RU,2021-01-14 23:47:01,broken clouds
76,Mar Del Plata,-38.0023,-57.5575,69.01,73,0,14.97,AR,2021-01-14 23:44:03,clear sky
77,Saint George,37.1041,-113.5841,60.8,23,1,4.61,US,2021-01-14 23:43:02,clear sky
78,Kedougou,12.5579,-12.1743,73.89,18,31,2.84,SN,2021-01-14 23:47:02,scattered clouds
79,Khani,41.9563,42.9566,48.2,93,90,13.8,GE,2021-01-14 23:47:02,overcast clouds
80,Tuktoyaktuk,69.4541,-133.0374,-7.6,77,90,10.36,CA,2021-01-14 23:47:02,overcast clouds
81,Homer,59.6425,-151.5483,37.4,65,90,17.27,US,2021-01-14 23:47:02,light snow
82,San Pedro De Macoris,18.4616,-69.2972,79.0,83,75,6.29,DO,2021-01-14 23:47:02,broken clouds
83,Manokwari,-0.8667,134.0833,82.31,72,100,4.09,ID,2021-01-14 23:47:02,light rain
84,Jamestown,42.097,-79.2353,34.0,93,1,6.91,US,2021-01-14 23:44:30,clear sky
85,Marang,5.2056,103.2059,71.6,94,20,2.3,MY,2021-01-14 23:47:02,few clouds
86,Comodoro Rivadavia,-45.8667,-67.5,77.0,33,0,6.91,AR,2021-01-14 23:47:02,clear sky
87,Lebu,-37.6167,-73.65,57.25,78,13,3.11,CL,2021-01-14 23:47:03,few clouds
88,Sao Filipe,14.8961,-24.4956,72.99,69,100,10.04,CV,2021-01-14 23:47:03,overcast clouds
89,Cardston,49.2,-113.3019,35.6,35,0,8.05,CA,2021-01-14 23:47:03,clear sky
90,Sao Sepe,-30.1606,-53.5653,75.2,64,0,11.5,BR,2021-01-14 23:47:03,clear sky
91,Korla,41.7597,86.1469,17.78,84,0,9.73,CN,2021-01-14 23:47:03,clear sky
92,Thompson,55.7435,-97.8558,26.6,93,90,12.66,CA,2021-01-14 23:47:03,snow
93,Northam,51.0333,-4.2167,46.0,87,17,10.0,GB,2021-01-14 23:47:03,few clouds
94,East London,-33.0153,27.9116,75.25,90,99,10.47,ZA,2021-01-14 23:47:03,light rain
95,Camacha,33.0833,-16.3333,55.4,62,40,9.22,PT,2021-01-14 23:47:04,scattered clouds
96,Puerto Penasco,31.3167,-113.5333,72.54,26,5,15.19,MX,2021-01-14 23:46:54,clear sky
97,Hasaki,35.7333,140.8333,41.0,81,75,5.75,JP,2021-01-14 23:47:04,light rain
98,Port Elizabeth,-33.918,25.5701,68.0,100,90,8.05,ZA,2021-01-14 23:47:04,fog
99,Koceljeva,44.4736,19.8117,32.0,86,75,14.97,RS,2021-01-14 23:47:04,broken clouds
100,Mandalgovi,45.7625,106.2708,-10.41,82,14,8.95,MN,2021-01-14 23:47:04,few clouds
101,Souillac,-20.5167,57.5167,77.0,94,40,1.14,MU,2021-01-14 23:47:04,light rain
102,Morehead,37.2711,-87.1764,51.01,50,40,3.44,US,2021-01-14 23:47:04,scattered clouds
103,Maraa,-1.8333,-65.3667,74.75,95,100,1.61,BR,2021-01-14 23:47:04,moderate rain
104,Talnakh,69.4865,88.3972,-41.75,79,26,0.6,RU,2021-01-14 23:47:04,scattered clouds
105,Lagoa,39.05,-27.9833,62.01,88,94,25.46,PT,2021-01-14 23:47:05,overcast clouds
106,Tibagi,-24.5094,-50.4136,67.05,87,22,7.09,BR,2021-01-14 23:47:05,few clouds
107,Vallenar,-28.5708,-70.7581,69.85,49,0,2.91,CL,2021-01-14 23:47:05,clear sky
108,Dawei,14.0833,98.2,65.89,68,22,3.87,MM,2021-01-14 23:47:05,few clouds
109,Kapaa,22.0752,-159.319,79.0,73,20,8.05,US,2021-01-14 23:47:05,few clouds
110,Jos,9.9167,8.9,59.92,29,13,2.82,NG,2021-01-14 23:47:05,few clouds
111,Flinders,-34.5833,150.8552,78.01,68,48,3.0,AU,2021-01-14 23:47:05,scattered clouds
112,Ulagan,50.6321,87.9563,-15.77,77,43,1.25,RU,2021-01-14 23:47:05,scattered clouds
113,Sergeyevka,53.88,67.4158,-3.98,85,39,7.56,KZ,2021-01-14 23:47:05,scattered clouds
114,Port Lincoln,-34.7333,135.8667,62.06,56,46,19.22,AU,2021-01-14 23:47:05,scattered clouds
115,Bardiyah,31.7561,25.0865,56.01,69,3,11.54,LY,2021-01-14 23:47:05,clear sky
116,Vanimo,-2.6741,141.3028,79.7,80,100,4.94,PG,2021-01-14 23:47:05,light rain
117,Marawi,7.9986,124.2928,78.01,91,65,4.0,PH,2021-01-14 23:47:05,broken clouds
118,Codrington,-38.2667,141.9667,59.68,57,48,24.47,AU,2021-01-14 23:47:05,light rain
119,Kavaratti,10.5669,72.642,82.4,72,96,7.74,IN,2021-01-14 23:47:06,light rain
120,Leningradskiy,69.3833,178.4167,-3.62,91,100,8.99,RU,2021-01-14 23:47:06,overcast clouds
121,Natal,-5.795,-35.2094,80.6,74,20,10.36,BR,2021-01-14 23:47:06,few clouds
122,Yamandu,7.9362,-11.4928,73.4,93,0,1.21,SL,2021-01-14 23:47:06,clear sky
123,Qaanaaq,77.484,-69.3632,7.32,75,69,3.87,GL,2021-01-14 23:47:06,broken clouds
124,Victoria,22.2855,114.1577,60.01,61,54,8.14,HK,2021-01-14 23:46:51,broken clouds
125,Los Llanos De Aridane,28.6585,-17.9182,60.8,59,0,12.66,ES,2021-01-14 23:47:06,clear sky
126,Bredasdorp,-34.5322,20.0403,68.0,94,73,2.3,ZA,2021-01-14 23:47:06,broken clouds
127,Avarua,-21.2078,-159.775,86.0,66,75,14.97,CK,2021-01-14 23:47:06,broken clouds
128,Chegdomyn,51.1167,133.0167,-19.71,86,100,0.58,RU,2021-01-14 23:47:06,light snow
129,Honningsvag,70.9821,25.9704,34.68,96,100,8.34,NO,2021-01-14 23:47:07,light snow
130,La Macarena,2.1837,-73.7849,73.35,81,64,1.5,CO,2021-01-14 23:47:07,broken clouds
131,Maswa,-2.6833,33.9833,63.43,89,21,4.07,TZ,2021-01-14 23:47:07,few clouds
132,Havelock,34.8791,-76.9013,46.99,93,1,3.33,US,2021-01-14 23:47:07,clear sky
133,Moron,-34.6534,-58.6198,75.99,70,0,8.99,AR,2021-01-14 23:47:07,clear sky
134,Vila Velha,-20.3297,-40.2925,78.8,78,20,5.75,BR,2021-01-14 23:46:34,light rain
135,San Patricio,28.017,-97.5169,77.0,23,20,14.97,US,2021-01-14 23:47:07,few clouds
136,Bengkulu,-3.8004,102.2655,76.78,81,94,3.96,ID,2021-01-14 23:47:07,overcast clouds
137,Asau,46.4333,26.4,26.01,100,75,3.8,RO,2021-01-14 23:47:07,broken clouds
138,Kalmunai,7.4167,81.8167,77.36,86,100,3.31,LK,2021-01-14 23:47:07,moderate rain
139,Arinos,-15.9169,-46.1056,72.12,92,100,2.48,BR,2021-01-14 23:47:07,moderate rain
140,Upernavik,72.7868,-56.1549,18.59,96,100,4.59,GL,2021-01-14 23:47:08,light snow
141,Lake Charles,30.2131,-93.2044,66.2,63,1,17.27,US,2021-01-14 23:47:08,clear sky
142,Batagay-Alyta,67.8006,130.4114,-36.42,71,66,1.1,RU,2021-01-14 23:47:08,broken clouds
143,Walvis Bay,-22.9575,14.5053,71.01,77,74,2.3,NA,2021-01-14 23:47:08,broken clouds
144,Virginia Beach,36.8529,-75.978,46.4,49,20,2.84,US,2021-01-14 23:44:19,few clouds
145,Jacareacanga,-6.2222,-57.7528,75.15,96,100,1.03,BR,2021-01-14 23:47:08,overcast clouds
146,Muisne,0.6,-80.0333,77.02,82,98,7.23,EC,2021-01-14 23:47:08,overcast clouds
147,Dunedin,-45.8742,170.5036,67.37,69,55,8.77,NZ,2021-01-14 23:47:08,broken clouds
148,Severo-Kurilsk,50.6789,156.125,25.54,93,100,20.18,RU,2021-01-14 23:47:08,light snow
149,Manono,-7.3,27.4167,67.42,96,100,1.79,CD,2021-01-14 23:47:08,light rain
150,Hithadhoo,-0.6,73.0833,81.55,78,98,16.87,MV,2021-01-14 23:47:08,moderate rain
151,Cabo San Lucas,22.8909,-109.9124,75.2,27,20,4.61,MX,2021-01-14 23:42:49,few clouds
152,Jiancheng,30.391,104.5491,37.0,72,0,3.0,CN,2021-01-14 23:47:08,clear sky
153,Ancud,-41.8697,-73.8203,51.8,93,90,9.22,CL,2021-01-14 23:47:08,light rain
154,Maniitsoq,65.4167,-52.9,17.06,90,100,3.98,GL,2021-01-14 23:47:09,overcast clouds
155,Tautira,-17.7333,-149.15,87.8,58,75,5.75,PF,2021-01-14 23:47:09,broken clouds
156,Natchitoches,31.7668,-93.1335,59.0,51,1,9.22,US,2021-01-14 23:47:09,clear sky
157,Saskylakh,71.9167,114.0833,-46.23,77,54,1.74,RU,2021-01-14 23:47:09,broken clouds
158,Derzhavinsk,51.1,66.3167,-0.98,87,35,13.73,KZ,2021-01-14 23:47:09,scattered clouds
159,Ciudad Bolivar,8.1222,-63.5497,79.56,70,67,11.72,VE,2021-01-14 23:47:09,broken clouds
160,Nelson Bay,-32.7167,152.15,75.99,78,75,12.66,AU,2021-01-14 23:47:09,broken clouds
161,Bonavista,48.6499,-53.1147,32.0,80,100,2.3,CA,2021-01-14 23:47:09,overcast clouds
162,Lumsden,50.6501,-104.8678,27.0,93,90,34.52,CA,2021-01-14 23:47:09,heavy snow
163,Kloulklubed,7.0419,134.2556,80.6,89,75,6.91,PW,2021-01-14 23:47:10,broken clouds
164,Tselinnoye,53.0833,85.6667,-21.32,87,79,4.59,RU,2021-01-14 23:47:10,broken clouds
165,New Norfolk,-42.7826,147.0587,55.99,73,44,3.36,AU,2021-01-14 23:47:10,scattered clouds
166,Boyolangu,-8.1181,111.8935,78.19,78,100,3.04,ID,2021-01-14 23:47:10,overcast clouds
167,Hilo,19.7297,-155.09,84.2,51,40,9.22,US,2021-01-14 23:45:49,scattered clouds
168,La Baule-Escoublac,47.2922,-2.364,44.6,81,20,8.05,FR,2021-01-14 23:47:10,few clouds
169,Bambous Virieux,-20.3428,57.7575,77.0,94,40,1.14,MU,2021-01-14 23:47:10,scattered clouds
170,Hambantota,6.1241,81.1185,76.6,85,100,6.29,LK,2021-01-14 23:47:10,overcast clouds
171,Vinh,18.6667,105.6667,58.98,87,72,3.74,VN,2021-01-14 23:47:10,broken clouds
172,Svetlaya,46.5389,138.3297,6.55,80,80,7.05,RU,2021-01-14 23:47:10,broken clouds
173,Grande Prairie,55.1667,-118.8027,23.0,68,75,2.3,CA,2021-01-14 23:47:10,broken clouds
174,Arraial Do Cabo,-22.9661,-42.0278,77.0,83,0,14.97,BR,2021-01-14 23:47:10,clear sky
175,Manaure,11.7751,-72.4445,80.6,62,77,15.26,CO,2021-01-14 23:47:11,broken clouds
176,Porto Velho,-8.7619,-63.9039,77.0,94,75,1.14,BR,2021-01-14 23:43:44,light rain
177,Chuy,-33.6971,-53.4616,65.68,69,0,11.27,UY,2021-01-14 23:47:11,clear sky
178,Deputatskiy,69.3,139.9,-17.91,90,100,3.87,RU,2021-01-14 23:47:11,overcast clouds
179,Thaba Nchu,-29.2093,26.839,68.0,88,55,4.61,ZA,2021-01-14 23:43:21,broken clouds
180,Andenes,69.3143,16.1194,37.4,81,75,16.11,NO,2021-01-14 23:47:11,broken clouds
181,Karratha,-20.7377,116.8463,97.02,34,34,7.7,AU,2021-01-14 23:46:23,light rain
182,Lata,40.1629,-8.3327,53.01,90,77,3.2,PT,2021-01-14 23:47:11,broken clouds
183,Nuuk,64.1835,-51.7216,23.0,86,75,6.91,GL,2021-01-14 23:47:11,light snow
184,Perth,-31.9333,115.8333,69.01,45,0,19.57,AU,2021-01-14 23:43:48,clear sky
185,San Cristobal,7.7669,-72.225,82.4,65,40,6.91,VE,2021-01-14 23:43:52,scattered clouds
186,Ulaangom,49.9811,92.0667,-15.63,80,19,1.16,MN,2021-01-14 23:47:12,few clouds
187,Shahpur,16.7,76.8333,66.18,83,0,5.32,IN,2021-01-14 23:47:12,clear sky
188,Viesca,25.35,-102.8,71.6,13,1,2.82,MX,2021-01-14 23:47:12,clear sky
189,Balboa,2.0396,-77.2168,61.84,100,85,1.7,CO,2021-01-14 23:47:12,light rain
190,Coihaique,-45.5752,-72.0662,68.0,42,0,8.05,CL,2021-01-14 23:47:12,clear sky
191,Itacarambi,-15.1022,-44.0919,71.42,86,74,1.21,BR,2021-01-14 23:47:12,broken clouds
192,Manzil Salim,35.8567,8.4765,41.0,75,20,11.5,TN,2021-01-14 23:47:12,few clouds
193,Sur,22.5667,59.5289,64.27,68,0,2.48,OM,2021-01-14 23:47:12,clear sky
194,Esperance,-33.8667,121.9,59.0,82,40,12.66,AU,2021-01-14 23:47:12,scattered clouds
195,Kenai,60.5544,-151.2583,34.0,64,75,25.32,US,2021-01-14 23:47:12,broken clouds
196,Utete,-7.986,38.758,71.35,97,1,1.36,TZ,2021-01-14 23:47:12,clear sky
197,Alta Floresta,-9.8756,-56.0861,73.54,95,99,2.8,BR,2021-01-14 23:47:12,moderate rain
198,Lompoc,34.6391,-120.4579,73.4,40,1,17.27,US,2021-01-14 23:47:13,clear sky
199,Oranjemund,-28.55,16.4333,65.61,85,44,8.39,NA,2021-01-14 23:47:13,scattered clouds
200,Meulaboh,4.1363,96.1285,75.61,82,99,3.69,ID,2021-01-14 23:47:13,overcast clouds
201,Saldanha,-33.0117,17.9442,64.4,94,36,11.5,ZA,2021-01-14 23:47:13,scattered clouds
202,Pio Ix,-6.8375,-40.5792,74.7,70,73,4.32,BR,2021-01-14 23:47:13,moderate rain
203,Mongagua,-24.0931,-46.6208,81.0,26,60,9.66,BR,2021-01-14 23:47:13,broken clouds
204,Pulivendla,14.4167,78.2333,67.55,85,0,4.47,IN,2021-01-14 23:47:13,clear sky
205,Asfi,32.2994,-9.2372,53.11,73,19,13.58,MA,2021-01-14 23:47:13,few clouds
206,Codajas,-3.8367,-62.0569,74.86,96,100,2.17,BR,2021-01-14 23:47:13,heavy intensity rain
207,Caravelas,-17.7125,-39.2481,76.78,83,4,6.51,BR,2021-01-14 23:47:13,clear sky
208,Husavik,66.0449,-17.3389,37.4,70,0,2.3,IS,2021-01-14 23:47:13,clear sky
209,Kavieng,-2.5744,150.7967,84.36,70,100,5.77,PG,2021-01-14 23:47:13,overcast clouds
210,Paita,-5.0892,-81.1144,73.47,75,88,18.37,PE,2021-01-14 23:47:14,overcast clouds
211,Muncar,-8.4333,114.3333,79.75,81,100,6.33,ID,2021-01-14 23:47:14,moderate rain
212,Gudur,14.1333,79.85,68.94,91,1,3.58,IN,2021-01-14 23:47:14,clear sky
213,Dalaba,10.7,-12.25,63.1,26,3,3.29,GN,2021-01-14 23:47:14,clear sky
214,Rudnichnyy,59.617,52.4703,11.66,96,100,8.08,RU,2021-01-14 23:47:14,snow
215,Tucuma,-0.1833,-50.05,77.27,87,99,8.12,BR,2021-01-14 23:42:24,overcast clouds
216,Nikolskoye,59.7035,30.7861,8.01,78,75,2.24,RU,2021-01-14 23:47:14,light snow
217,Taitung,22.7583,121.1444,57.2,62,0,4.61,TW,2021-01-14 23:47:14,clear sky
218,Castro,-24.7911,-50.0119,64.02,90,53,9.93,BR,2021-01-14 23:47:14,broken clouds
219,Muli,2.9167,73.5667,81.25,77,90,10.74,MV,2021-01-14 23:47:15,overcast clouds
220,Narsaq,60.9167,-46.05,21.2,68,75,9.22,GL,2021-01-14 23:47:15,broken clouds
221,Klaksvik,62.2266,-6.589,35.6,100,75,2.3,FO,2021-01-14 23:47:15,light rain
222,Bethel,41.3712,-73.414,37.99,75,75,2.71,US,2021-01-14 23:47:15,broken clouds
223,Aswan,24.0934,32.907,53.1,49,22,9.31,EG,2021-01-14 23:47:15,few clouds
224,Ilulissat,69.2167,-51.1,19.4,86,90,5.75,GL,2021-01-14 23:47:15,overcast clouds
225,Bubaque,11.2833,-15.8333,78.01,64,12,11.05,GW,2021-01-14 23:47:15,few clouds
226,Presidente Olegario,-18.4178,-46.4181,68.0,100,91,3.49,BR,2021-01-14 23:47:15,overcast clouds
227,Nha Trang,12.25,109.1833,66.2,77,20,6.91,VN,2021-01-14 23:47:15,few clouds
228,Mananjary,-21.2167,48.3333,77.16,90,62,2.01,MG,2021-01-14 23:47:15,broken clouds
229,Guerrero Negro,27.9769,-114.0611,71.98,21,0,10.85,MX,2021-01-14 23:45:21,clear sky
230,Mattru,7.6244,-11.8332,75.02,93,0,1.88,SL,2021-01-14 23:47:15,clear sky
231,Poronaysk,49.2167,143.1167,-1.89,85,44,5.64,RU,2021-01-14 23:47:16,scattered clouds
232,Flin Flon,54.7682,-101.865,26.6,93,90,21.85,CA,2021-01-14 23:47:16,snow
233,Stornoway,58.2093,-6.3865,39.0,93,90,5.75,GB,2021-01-14 23:47:16,overcast clouds
234,Portland,45.5234,-122.6762,55.0,47,75,8.05,US,2021-01-14 23:44:47,broken clouds
235,Sakaiminato,35.55,133.2333,32.0,100,20,2.3,JP,2021-01-14 23:47:16,fog
236,Robertsport,6.7533,-11.3686,80.73,83,31,11.88,LR,2021-01-14 23:47:16,scattered clouds
237,Carnarvon,-24.8667,113.6333,78.8,94,46,13.8,AU,2021-01-14 23:47:16,scattered clouds
238,Akdepe,42.0551,59.3788,32.0,69,0,11.5,TM,2021-01-14 23:47:16,clear sky
239,Ruteng,-8.6136,120.4721,71.37,87,100,1.81,ID,2021-01-14 23:47:16,overcast clouds
240,Mount Isa,-20.7333,139.5,91.4,31,35,10.36,AU,2021-01-14 23:47:16,scattered clouds
241,Wenatchee,47.4235,-120.3103,41.0,60,1,4.61,US,2021-01-14 23:42:16,clear sky
242,Faanui,-16.4833,-151.75,81.73,75,12,15.57,PF,2021-01-14 23:47:16,light rain
243,Malakal,9.5334,31.6605,71.98,22,12,6.8,SS,2021-01-14 23:47:17,few clouds
244,Airai,-8.9266,125.4092,69.94,93,49,1.25,TL,2021-01-14 23:47:17,scattered clouds
245,Chokurdakh,70.6333,147.9167,-15.83,90,100,8.28,RU,2021-01-14 23:47:17,overcast clouds
246,La Ronge,55.1001,-105.2842,21.2,79,99,14.97,CA,2021-01-14 23:47:17,overcast clouds
247,Inuvik,68.3499,-133.7218,-4.0,77,89,2.3,CA,2021-01-14 23:46:30,overcast clouds
248,Kousseri,12.0769,15.0306,73.4,25,0,9.22,CM,2021-01-14 23:47:17,clear sky
249,Kontagora,10.3999,5.4695,70.92,20,0,4.47,NG,2021-01-14 23:47:17,clear sky
250,Pangnirtung,66.1451,-65.7125,-11.2,77,1,3.44,CA,2021-01-14 23:47:17,clear sky
251,Ponta Do Sol,32.6667,-17.1,53.01,55,36,5.99,PT,2021-01-14 23:47:17,scattered clouds
252,Khandyga,62.6667,135.6,-50.06,75,56,1.79,RU,2021-01-14 23:47:17,broken clouds
253,Saint-Philippe,-21.3585,55.7679,77.0,83,75,2.3,RE,2021-01-14 23:47:17,broken clouds
254,Bilibino,68.0546,166.4372,-22.43,83,99,0.65,RU,2021-01-14 23:47:17,overcast clouds
255,Abu Samrah,35.3029,37.1841,48.74,76,18,19.77,SY,2021-01-14 23:47:17,few clouds
256,Provideniya,64.3833,-173.3,10.4,79,90,8.95,RU,2021-01-14 23:47:17,overcast clouds
257,Mastic,40.802,-72.8409,39.0,87,40,5.28,US,2021-01-14 23:47:18,scattered clouds
258,Barra Dos Coqueiros,-10.9089,-37.0386,80.6,78,20,12.66,BR,2021-01-14 23:47:18,few clouds
259,Ambulu,-8.345,113.6058,78.93,85,100,2.98,ID,2021-01-14 23:47:18,light rain
260,Iqaluit,63.7506,-68.5145,-13.0,77,20,5.75,CA,2021-01-14 23:43:24,few clouds
261,Kahului,20.8947,-156.47,86.0,48,20,17.27,US,2021-01-14 23:47:18,few clouds
262,Virarajendrapet,12.2,75.8,63.61,99,36,4.34,IN,2021-01-14 23:47:18,scattered clouds
263,Olinda,-8.0089,-34.8553,80.6,65,75,9.22,BR,2021-01-14 23:47:18,broken clouds
264,Nianzishan,47.5167,122.8833,-7.78,82,22,3.44,CN,2021-01-14 23:47:18,few clouds
265,Santarem,-2.4431,-54.7083,82.4,78,20,4.61,BR,2021-01-14 23:47:18,few clouds
266,Pandan,14.0453,124.1694,79.97,84,46,11.27,PH,2021-01-14 23:47:18,scattered clouds
267,Balykshi,47.0667,51.8667,35.6,60,40,13.42,KZ,2021-01-14 23:47:18,dust
268,Santa Maria Del Oro,25.9333,-105.3667,58.6,29,0,2.21,MX,2021-01-14 23:47:18,clear sky
269,Hovd,48.0056,91.6419,-3.82,72,2,5.75,MN,2021-01-14 23:47:18,clear sky
270,Srednekolymsk,67.45,153.6833,-20.79,87,100,14.16,RU,2021-01-14 23:47:18,overcast clouds
271,Takoradi,4.8845,-1.7554,78.78,86,46,7.23,GH,2021-01-14 23:47:19,scattered clouds
272,Georgetown,5.4112,100.3354,77.0,88,20,2.3,MY,2021-01-14 23:45:56,few clouds
273,Meadow Lake,34.8014,-106.5436,55.99,12,90,20.71,US,2021-01-14 23:45:05,overcast clouds
274,Chifeng,42.2683,118.9636,-2.63,87,92,6.6,CN,2021-01-14 23:47:19,overcast clouds
275,Jiehu,35.5428,118.455,35.55,80,98,6.78,CN,2021-01-14 23:47:19,overcast clouds
276,Phayakkhaphum Phisai,15.5163,103.1937,64.0,88,0,3.44,TH,2021-01-14 23:47:19,clear sky
277,Cockburn Town,21.4612,-71.1419,78.19,76,82,8.59,TC,2021-01-14 23:44:04,broken clouds
278,Tveit,58.2337,8.122,21.99,79,20,2.3,NO,2021-01-14 23:47:19,few clouds
279,Port Hawkesbury,45.6169,-61.3485,33.01,93,90,4.61,CA,2021-01-14 23:47:19,overcast clouds
280,Vardo,70.3705,31.1107,26.6,86,40,11.5,NO,2021-01-14 23:47:19,scattered clouds
281,Angoche,-16.2325,39.9086,78.91,88,86,7.81,MZ,2021-01-14 23:47:19,overcast clouds
282,Port Hardy,50.6996,-127.4199,48.2,66,75,31.07,CA,2021-01-14 23:47:19,broken clouds
283,Boa Vista,2.8197,-60.6733,82.4,65,40,6.91,BR,2021-01-14 23:47:19,scattered clouds
284,Cherskiy,68.75,161.3,-25.71,84,87,5.19,RU,2021-01-14 23:47:19,overcast clouds
285,Barentu,15.1139,37.5928,58.59,43,0,1.86,ER,2021-01-14 23:47:19,clear sky
286,Oktyabrskoye,43.0645,44.7417,37.4,100,83,11.18,RU,2021-01-14 23:47:19,broken clouds
287,Harpalpur,25.2884,79.3347,45.14,57,1,1.05,IN,2021-01-14 23:47:20,clear sky
288,Ipixuna,-1.7625,-48.8043,78.8,89,0,4.61,BR,2021-01-14 23:47:20,light rain
289,Ivanava,52.1451,25.5365,13.19,96,100,10.29,BY,2021-01-14 23:47:20,overcast clouds
290,Przhevalskoye,55.5093,31.8482,1.27,92,99,3.8,RU,2021-01-14 23:47:20,overcast clouds
291,Upata,8.0086,-62.3989,79.0,83,76,1.99,VE,2021-01-14 23:47:20,broken clouds
292,Saint-Francois,46.4154,3.9054,46.4,87,90,13.8,FR,2021-01-14 23:47:20,light intensity drizzle
293,Dingle,10.9995,122.6711,78.31,87,20,7.54,PH,2021-01-14 23:47:20,light rain
294,Thinadhoo,0.5333,72.9333,81.68,75,98,15.3,MV,2021-01-14 23:47:20,overcast clouds
295,Havre-Saint-Pierre,50.2334,-63.5986,24.8,100,90,3.13,CA,2021-01-14 23:47:20,light snow
296,Weyburn,49.6668,-103.8511,26.6,86,100,34.52,CA,2021-01-14 23:45:05,overcast clouds
297,Murray Bridge,-35.1167,139.2667,61.0,66,21,8.01,AU,2021-01-14 23:47:20,few clouds
298,Veracruz,19.3333,-96.6667,75.2,69,75,3.44,MX,2021-01-14 23:47:20,broken clouds
299,Rawson,-43.3002,-65.1023,68.0,88,75,16.11,AR,2021-01-14 23:45:30,light rain
300,Ballina,-28.8667,153.5667,82.4,65,0,8.05,AU,2021-01-14 23:47:21,clear sky
301,Grindavik,63.8424,-22.4338,37.4,87,75,14.97,IS,2021-01-14 23:47:21,broken clouds
302,Geraldton,-28.7667,114.6,87.8,29,0,19.57,AU,2021-01-14 23:47:21,clear sky
303,Haizhou,34.5817,119.1289,39.36,81,74,5.79,CN,2021-01-14 23:47:21,broken clouds
304,Forest Hill,32.6721,-97.2692,59.0,17,1,23.02,US,2021-01-14 23:47:21,clear sky
305,Fortuna,40.5982,-124.1573,57.99,100,20,10.36,US,2021-01-14 23:47:21,few clouds
306,Sorland,67.667,12.6934,39.13,72,100,10.92,NO,2021-01-14 23:47:21,overcast clouds
307,Pochutla,15.7432,-96.4661,82.4,57,90,8.05,MX,2021-01-14 23:47:21,overcast clouds
308,Lasa,46.6166,10.7002,35.01,93,90,5.75,IT,2021-01-14 23:47:21,light snow
309,Tuatapere,-46.1333,167.6833,73.0,64,9,3.0,NZ,2021-01-14 23:47:21,clear sky
310,Lahaina,20.8783,-156.6825,86.0,61,20,6.91,US,2021-01-14 23:47:21,few clouds
311,Puerto Escondido,15.85,-97.0667,80.6,69,40,4.61,MX,2021-01-14 23:47:21,scattered clouds
312,Ternate,0.8,127.4,82.4,74,100,5.39,ID,2021-01-14 23:47:22,moderate rain
313,Hualmay,-11.0964,-77.6139,71.01,82,100,10.11,PE,2021-01-14 23:47:22,overcast clouds
314,Fethiye,36.6217,29.1164,41.0,87,0,4.61,TR,2021-01-14 23:47:22,clear sky
315,Sheridan,44.8333,-106.9173,34.0,29,90,27.63,US,2021-01-14 23:47:22,overcast clouds
316,Qiryat Shemona,33.2073,35.5721,60.8,67,75,20.71,IL,2021-01-14 23:43:20,broken clouds
317,Zyryanka,65.75,150.85,-26.09,86,100,6.67,RU,2021-01-14 23:47:22,light snow
318,Vokhma,58.9303,46.7586,9.25,96,100,4.38,RU,2021-01-14 23:47:22,overcast clouds
319,Candido Mendes,-1.4467,-45.7167,76.24,85,86,4.74,BR,2021-01-14 23:47:22,overcast clouds
320,Lyantonde,-0.4031,31.1572,67.39,70,82,0.58,UG,2021-01-14 23:47:22,broken clouds
321,Hun,29.1268,15.9477,49.66,58,0,3.06,LY,2021-01-14 23:47:22,clear sky
322,Gabu,12.2833,-14.2167,70.36,34,39,5.28,GW,2021-01-14 23:47:22,scattered clouds
323,Tarauaca,-8.1614,-70.7656,72.66,97,96,1.48,BR,2021-01-14 23:47:22,moderate rain
324,Kindu,-2.95,25.95,68.83,97,100,2.8,CD,2021-01-14 23:47:23,overcast clouds
325,Solvychegodsk,61.3305,46.9156,0.88,93,100,5.1,RU,2021-01-14 23:47:23,snow
326,Christchurch,-43.5333,172.6333,75.0,68,75,8.05,NZ,2021-01-14 23:45:05,broken clouds
327,Mingguang,32.7802,117.9638,42.01,71,1,8.21,CN,2021-01-14 23:47:23,clear sky
328,Yarada,17.65,83.2667,69.8,100,20,2.3,IN,2021-01-14 23:47:23,mist
329,Faya,18.3851,42.4509,48.2,87,0,3.33,SA,2021-01-14 23:47:23,clear sky
330,Hofn,64.2539,-15.2082,37.38,77,0,4.7,IS,2021-01-14 23:47:23,clear sky
331,Tigre,-34.426,-58.5796,75.99,73,0,16.11,AR,2021-01-14 23:47:23,clear sky
332,Duncan,34.5023,-97.9578,50.0,25,1,12.66,US,2021-01-14 23:45:00,clear sky
333,Fukue,32.6881,128.8419,46.4,93,20,1.14,JP,2021-01-14 23:47:23,few clouds
334,Safaga,26.7292,33.9365,59.0,38,0,9.22,EG,2021-01-14 23:47:23,clear sky
335,Vung Tau,10.346,107.0843,72.14,82,47,8.14,VN,2021-01-14 23:47:23,scattered clouds
336,Pangkalanbuun,-2.6833,111.6167,73.94,96,100,2.59,ID,2021-01-14 23:47:24,light rain
337,Fairbanks,64.8378,-147.7164,10.99,84,40,4.7,US,2021-01-14 23:47:24,scattered clouds
338,Shenjiamen,29.9576,122.298,52.74,83,0,14.47,CN,2021-01-14 23:47:24,clear sky
339,Castletown,53.0281,-9.0686,33.8,93,75,3.56,IE,2021-01-14 23:47:24,fog
340,Zhezkazgan,47.8043,67.7144,-3.6,88,0,13.65,KZ,2021-01-14 23:47:24,clear sky
341,Pila,53.1515,16.7378,30.0,98,54,6.51,PL,2021-01-14 23:47:24,broken clouds
342,Aklavik,68.2191,-135.0107,-4.0,77,77,2.3,CA,2021-01-14 23:47:24,broken clouds
343,Le Port,-20.9373,55.2919,75.2,83,90,5.75,RE,2021-01-14 23:47:24,overcast clouds
344,Dong Hoi,17.4833,106.6,64.24,84,99,2.66,VN,2021-01-14 23:47:24,overcast clouds
345,Liku,-0.7275,119.8922,75.76,90,100,2.89,ID,2021-01-14 23:47:24,heavy intensity rain
346,Port Blair,11.6667,92.75,77.04,81,59,11.07,IN,2021-01-14 23:47:24,broken clouds
347,Katobu,-4.9408,122.5276,81.75,82,63,2.13,ID,2021-01-14 23:47:24,broken clouds
348,Naliya,23.2667,68.8333,60.13,63,83,6.67,IN,2021-01-14 23:47:25,broken clouds
349,Alekseyevka,50.6309,38.6903,14.99,95,74,1.14,RU,2021-01-14 23:47:25,broken clouds
350,Biak,-0.9131,122.8766,80.58,77,100,2.17,ID,2021-01-14 23:47:25,light rain
351,San Andres,12.5847,-81.7006,82.4,74,40,11.5,CO,2021-01-14 23:47:25,scattered clouds
352,Pemba,-12.974,40.5178,77.74,85,59,12.46,MZ,2021-01-14 23:47:25,broken clouds
353,Nenjiang,49.1833,125.2167,-20.4,85,0,3.89,CN,2021-01-14 23:47:25,clear sky
354,Ahuimanu,21.4447,-157.8378,82.4,73,1,10.36,US,2021-01-14 23:47:25,clear sky
355,Rodrigues Alves,-7.738,-72.6509,75.27,94,90,2.01,BR,2021-01-14 23:47:25,light rain
356,Haines Junction,60.7522,-137.5108,14.0,92,100,1.14,CA,2021-01-14 23:47:25,light snow
357,Baykit,61.67,96.37,-24.03,78,0,3.94,RU,2021-01-14 23:47:25,clear sky
358,Odweyne,9.4092,45.064,63.41,37,0,6.11,SO,2021-01-14 23:47:25,clear sky
359,Mount Gambier,-37.8333,140.7667,57.2,62,75,21.85,AU,2021-01-14 23:47:25,broken clouds
360,Norrtalje,59.758,18.705,26.01,80,100,8.01,SE,2021-01-14 23:47:25,light snow
361,La Libertad,-2.2333,-80.9,82.4,74,0,12.66,EC,2021-01-14 23:47:25,clear sky
362,Udachnyy,66.4167,112.4,-27.87,82,100,13.44,RU,2021-01-14 23:47:26,overcast clouds
363,Bajil,15.0584,43.2851,71.19,63,0,0.83,YE,2021-01-14 23:43:23,clear sky
364,San Jose,37.3394,-121.895,71.01,43,40,14.97,US,2021-01-14 23:45:12,scattered clouds
365,Kaeo,-35.1,173.7833,80.01,57,1,4.0,NZ,2021-01-14 23:47:26,clear sky
366,Atlantic Beach,30.3344,-81.3987,55.4,54,40,5.75,US,2021-01-14 23:47:26,scattered clouds
367,Kruisfontein,-34.0033,24.7314,72.0,89,69,1.01,ZA,2021-01-14 23:47:26,broken clouds
368,Keti Bandar,24.1447,67.4497,63.19,75,25,7.43,PK,2021-01-14 23:47:26,scattered clouds
369,Monrovia,6.3005,-10.7969,75.2,94,75,9.1,LR,2021-01-14 23:47:26,broken clouds
370,Yulara,-25.2406,130.9889,86.0,26,40,19.57,AU,2021-01-14 23:47:26,scattered clouds
371,Ihosy,-22.4,46.1167,70.32,90,17,4.88,MG,2021-01-14 23:47:26,few clouds
372,Grafenhainichen,51.7333,12.45,35.01,17,91,4.76,DE,2021-01-14 23:47:26,overcast clouds
373,Hamilton,39.1834,-84.5333,45.0,65,40,9.22,US,2021-01-14 23:42:48,scattered clouds
374,Kiruna,67.8557,20.2251,15.8,92,75,5.75,SE,2021-01-14 23:47:26,broken clouds
375,Mayor Pablo Lagerenza,-19.9309,-60.7718,79.11,77,100,4.54,PY,2021-01-14 23:47:26,overcast clouds
376,Shache,38.4167,77.2406,23.0,78,0,5.59,CN,2021-01-14 23:47:27,clear sky
377,Aasiaat,68.7098,-52.8699,15.13,97,100,5.5,GL,2021-01-14 23:47:27,light snow
378,Xichang,27.8964,102.2634,42.01,63,41,1.05,CN,2021-01-14 23:47:27,scattered clouds
379,Santa Rosa,14.3122,121.1114,78.8,83,75,1.14,PH,2021-01-14 23:47:27,broken clouds
380,Nedryhayliv,50.834,33.8763,20.7,97,89,6.49,UA,2021-01-14 23:47:27,overcast clouds
381,High Level,58.5169,-117.136,14.0,92,40,2.66,CA,2021-01-14 23:47:27,scattered clouds
382,Methoni,36.8197,21.7049,55.99,76,96,4.61,GR,2021-01-14 23:47:27,light rain
383,Ayan,56.45,138.1667,-15.27,77,16,6.06,RU,2021-01-14 23:47:27,few clouds
384,San Miguelito,9.0333,-79.5,84.2,74,40,11.5,PA,2021-01-14 23:45:39,scattered clouds
385,Vangaindrano,-23.35,47.6,75.63,92,4,3.33,MG,2021-01-14 23:47:27,clear sky
386,Aitape,-3.1374,142.3475,82.38,78,100,4.05,PG,2021-01-14 23:47:27,light rain
387,Nanortalik,60.1432,-45.2371,23.09,93,97,4.36,GL,2021-01-14 23:47:27,overcast clouds
388,Ekhabi,53.5102,142.9671,-11.09,88,94,15.39,RU,2021-01-14 23:47:27,overcast clouds
389,Ahipara,-35.1667,173.1667,73.09,57,1,7.2,NZ,2021-01-14 23:47:27,clear sky
390,General Roca,-39.0333,-67.5833,86.0,42,40,4.61,AR,2021-01-14 23:47:28,light rain
391,Wodonga,-36.1167,146.8833,72.0,46,0,14.97,AU,2021-01-14 23:47:28,clear sky
392,Clyde River,70.4692,-68.5914,-13.0,84,1,5.75,CA,2021-01-14 23:47:28,clear sky
393,Honiara,-9.4333,159.95,86.59,63,90,5.1,SB,2021-01-14 23:47:28,overcast clouds
394,Wuning,29.2589,120.2311,44.01,11,0,2.15,CN,2021-01-14 23:47:28,clear sky
395,Hirado,33.3597,129.5531,48.99,93,75,13.8,JP,2021-01-14 23:47:28,broken clouds
396,Viedma,-40.8135,-62.9967,71.78,66,95,9.55,AR,2021-01-14 23:47:28,light rain
397,Chaiyaphum,15.75,102.0,69.01,85,0,1.43,TH,2021-01-14 23:47:28,clear sky
398,Rudiskes,54.5167,24.8333,15.8,86,75,10.36,LT,2021-01-14 23:47:28,light snow
399,Plettenberg Bay,-34.0527,23.3716,73.38,77,58,3.29,ZA,2021-01-14 23:47:28,broken clouds
400,Egvekinot,66.3167,-179.1667,-6.54,92,99,7.94,RU,2021-01-14 23:47:28,overcast clouds
401,Werda,-25.2667,23.2833,79.21,49,79,8.61,BW,2021-01-14 23:47:28,light rain
402,Vestmannaeyjar,63.4427,-20.2734,43.95,74,96,16.35,IS,2021-01-14 23:47:28,overcast clouds
403,Mana,5.6592,-53.7767,76.82,89,100,11.05,GF,2021-01-14 23:47:28,overcast clouds
404,Nicoya,10.1483,-85.452,84.2,58,40,11.5,CR,2021-01-14 23:47:28,scattered clouds
405,Antofagasta,-23.65,-70.4,64.4,72,75,13.8,CL,2021-01-14 23:47:29,broken clouds
406,Waipawa,-41.4122,175.5153,71.01,88,90,9.22,NZ,2021-01-14 23:47:29,overcast clouds
407,Vila Franca Do Campo,37.7167,-25.4333,61.0,94,40,11.5,PT,2021-01-14 23:47:29,scattered clouds
408,Nemuro,43.3236,145.575,23.0,58,40,5.75,JP,2021-01-14 23:47:29,scattered clouds
409,Porto Novo,6.4965,2.6036,82.4,83,20,10.36,BJ,2021-01-14 23:47:29,few clouds
410,La Asuncion,11.0333,-63.8628,75.97,86,95,14.54,VE,2021-01-14 23:47:29,overcast clouds
411,Lipin Bor,60.2622,37.9763,-10.73,90,95,8.05,RU,2021-01-14 23:47:29,overcast clouds
412,Pisco,-13.7,-76.2167,71.6,78,0,21.85,PE,2021-01-14 23:47:29,clear sky
413,Mahebourg,-20.4081,57.7,77.0,94,40,1.14,MU,2021-01-14 23:47:29,scattered clouds
414,Longhua,23.6137,114.1919,51.75,42,9,1.63,CN,2021-01-14 23:47:29,clear sky
415,Wattegama,6.7989,81.4808,73.53,91,100,2.86,LK,2021-01-14 23:47:29,overcast clouds
416,Gunjur,13.2019,-16.7339,68.0,73,0,14.38,GM,2021-01-14 23:47:29,clear sky
417,Dharchula,29.85,80.5333,50.34,38,65,3.87,IN,2021-01-14 23:47:30,broken clouds
418,Katiola,8.1333,-5.1,78.8,57,38,4.61,CI,2021-01-14 23:47:30,scattered clouds
419,Wewak,-3.5534,143.6268,80.65,84,100,9.55,PG,2021-01-14 23:47:30,light rain
420,Shetpe,44.1667,52.1167,39.9,97,86,13.09,KZ,2021-01-14 23:47:30,overcast clouds
421,Kualakapuas,-3.0091,114.3876,75.2,100,75,5.75,ID,2021-01-14 23:47:30,heavy intensity rain
422,Nago,26.5881,127.9761,64.4,88,20,4.61,JP,2021-01-14 23:47:30,few clouds
423,Southbridge,42.0751,-72.0334,36.0,97,96,2.46,US,2021-01-14 23:47:30,overcast clouds
424,Port Hedland,-20.3167,118.5667,89.6,84,40,9.22,AU,2021-01-14 23:47:30,scattered clouds
425,Cusset,46.13,3.4596,46.4,71,90,10.36,FR,2021-01-14 23:47:30,overcast clouds
426,Matara,5.9485,80.5353,75.33,86,99,4.23,LK,2021-01-14 23:47:30,overcast clouds
427,Sulangan,11.1373,123.7228,79.92,81,63,10.2,PH,2021-01-14 23:47:30,broken clouds
428,Manjeshwar,12.7194,74.8861,77.0,83,75,4.61,IN,2021-01-14 23:47:31,broken clouds
429,Batemans Bay,-35.7167,150.1833,73.0,69,11,3.0,AU,2021-01-14 23:47:31,few clouds
430,Boa Viagem,-5.1275,-39.7322,77.31,66,40,6.76,BR,2021-01-14 23:47:31,scattered clouds
431,Capoterra,39.1763,8.9718,55.4,76,40,12.66,IT,2021-01-14 23:47:31,scattered clouds
432,Manacapuru,-3.2997,-60.6206,77.0,94,75,2.3,BR,2021-01-14 23:47:31,broken clouds
433,Horsham,51.064,-0.3272,37.99,87,75,8.05,GB,2021-01-14 23:47:31,broken clouds
434,Tiksi,71.6872,128.8694,-29.42,84,100,3.36,RU,2021-01-14 23:47:31,overcast clouds
435,Iseyin,7.9667,3.6,77.0,74,1,4.92,NG,2021-01-14 23:47:31,clear sky
436,Graham,47.0529,-122.2943,51.8,62,90,1.21,US,2021-01-14 23:46:24,overcast clouds
437,Quatre Cocos,-20.2078,57.7625,77.0,94,40,1.14,MU,2021-01-14 23:47:31,scattered clouds
438,San Carlos De Bariloche,-41.1456,-71.3082,64.4,39,0,23.02,AR,2021-01-14 23:47:32,clear sky
439,Kropotkin,45.4375,40.5756,35.35,95,100,10.6,RU,2021-01-14 23:47:32,light rain
440,Broken Hill,-31.95,141.4333,62.6,45,9,21.85,AU,2021-01-14 23:47:32,clear sky
441,Hami,42.8,93.45,13.19,81,1,7.83,CN,2021-01-14 23:47:32,clear sky
442,Constantine,36.365,6.6147,37.4,87,40,3.44,DZ,2021-01-14 23:47:32,scattered clouds
443,Coahuayana,18.7333,-103.6833,78.8,44,90,3.44,MX,2021-01-14 23:47:32,overcast clouds
444,Texarkana,33.4251,-94.0477,57.2,33,1,10.36,US,2021-01-14 23:47:32,clear sky
445,Kyra,49.5776,111.9753,-15.57,79,19,4.16,RU,2021-01-14 23:47:32,few clouds
446,Makakilo City,21.3469,-158.0858,82.4,61,1,12.66,US,2021-01-14 23:47:32,clear sky
447,Freeport,40.6576,-73.5832,42.01,65,20,4.59,US,2021-01-14 23:45:34,few clouds
448,Bintulu,3.1667,113.0333,75.2,94,20,2.3,MY,2021-01-14 23:45:21,moderate rain
449,Sakakah,29.9697,40.2064,51.8,58,0,8.05,SA,2021-01-14 23:47:32,clear sky
450,Huron,41.1501,-82.5499,39.99,75,100,3.0,US,2021-01-14 23:47:33,overcast clouds
451,Tecoanapa,16.5167,-98.75,80.51,72,100,5.68,MX,2021-01-14 23:47:33,overcast clouds
452,Holme,56.1138,10.1725,30.2,86,90,6.91,DK,2021-01-14 23:47:33,light snow
453,Banjar,-8.19,114.9675,78.8,94,75,8.05,ID,2021-01-14 23:47:33,broken clouds
454,Zhangjiakou,40.81,114.8794,10.24,80,51,12.57,CN,2021-01-14 23:47:33,broken clouds
455,Mayo,38.8876,-76.5119,41.0,81,1,1.07,US,2021-01-14 23:47:33,clear sky
456,Cidreira,-30.1811,-50.2056,71.92,74,41,19.35,BR,2021-01-14 23:47:33,scattered clouds
457,Turan,16.0678,108.2208,59.0,94,20,5.3,VN,2021-01-14 23:46:35,mist
458,Garowe,8.4054,48.4845,64.99,74,0,6.64,SO,2021-01-14 23:47:33,clear sky
459,Swakopmund,-22.6833,14.5333,71.01,77,85,2.3,NA,2021-01-14 23:47:33,overcast clouds
460,Te Anau,-45.4167,167.7167,74.12,42,25,3.6,NZ,2021-01-14 23:47:33,scattered clouds
461,Rabak,13.1809,32.74,69.58,23,0,12.44,SD,2021-01-14 23:47:33,clear sky
462,Darhan,49.4867,105.9228,-11.67,84,91,5.46,MN,2021-01-14 23:47:33,snow
463,Sao Jose Da Coroa Grande,-8.8978,-35.1478,78.44,78,19,10.36,BR,2021-01-14 23:47:33,few clouds
464,Balabac,7.9868,117.0645,80.74,78,100,4.68,PH,2021-01-14 23:47:34,light rain
465,Saint-Augustin,51.226,-58.6502,26.51,96,100,4.18,CA,2021-01-14 23:47:34,overcast clouds
466,Broome,42.2506,-75.833,35.01,86,90,3.44,US,2021-01-14 23:47:34,mist
467,Pacific Grove,36.6177,-121.9166,64.4,63,1,6.91,US,2021-01-14 23:44:41,clear sky
468,Santa Maria,-29.6842,-53.8069,75.2,64,0,11.5,BR,2021-01-14 23:47:34,clear sky
469,Sao Felix Do Xingu,-6.6447,-51.995,73.29,92,83,0.51,BR,2021-01-14 23:47:34,broken clouds
470,Sept-Iles,50.2001,-66.3821,28.4,86,76,3.44,CA,2021-01-14 23:47:34,broken clouds
471,Quimper,48.0,-4.1,44.6,81,20,4.61,FR,2021-01-14 23:47:34,few clouds
472,Baruun-Urt,46.6806,113.2792,-16.28,83,0,7.18,MN,2021-01-14 23:47:34,clear sky
473,Emerald,-23.5333,148.1667,81.0,61,0,10.36,AU,2021-01-14 23:47:34,clear sky
474,Camalu,30.85,-116.0667,69.67,34,0,5.03,MX,2021-01-14 23:47:34,clear sky
475,Tepic,21.5,-104.9,78.8,41,40,8.05,MX,2021-01-14 23:47:34,scattered clouds
476,Sayyan,15.1718,44.3244,43.2,68,3,1.7,YE,2021-01-14 23:47:34,clear sky
477,Inhambane,-23.865,35.3833,79.48,86,1,7.02,MZ,2021-01-14 23:47:34,clear sky
478,Mizan Teferi,6.9833,35.5833,65.16,53,30,2.15,ET,2021-01-14 23:47:34,scattered clouds
479,Saint-Prosper,46.2117,-70.4811,30.2,93,81,1.43,CA,2021-01-14 23:47:35,broken clouds
480,Robe,-37.1833,139.75,58.24,60,24,24.2,AU,2021-01-14 23:47:35,few clouds
481,Tecalitlan,19.4667,-103.3,78.8,44,90,3.2,MX,2021-01-14 23:47:35,overcast clouds
482,Verkhnevilyuysk,63.4453,120.3167,-19.84,87,100,6.2,RU,2021-01-14 23:47:35,overcast clouds
483,Along,28.1667,94.7667,50.81,80,25,1.41,IN,2021-01-14 23:47:35,scattered clouds
484,Coquimbo,-29.9533,-71.3436,62.6,72,0,11.5,CL,2021-01-14 23:45:54,clear sky
485,Madang,-5.2246,145.7966,76.3,93,100,4.59,PG,2021-01-14 23:47:35,overcast clouds
486,Carupano,10.6678,-63.2585,75.42,86,93,10.45,VE,2021-01-14 23:47:35,overcast clouds
487,Banon,40.8382,-1.1909,53.6,54,0,5.75,ES,2021-01-14 23:47:35,clear sky
488,Hirara,24.8,125.2833,66.2,82,75,8.05,JP,2021-01-14 23:47:35,broken clouds
489,Sabinas Hidalgo,26.5,-100.1667,67.05,26,47,11.74,MX,2021-01-14 23:47:35,scattered clouds
490,Maragogi,-9.0122,-35.2225,78.4,78,18,10.45,BR,2021-01-14 23:42:40,few clouds
491,Umm Kaddadah,13.6017,26.6876,64.47,28,1,16.11,SD,2021-01-14 23:47:36,clear sky
492,Cabra,37.4725,-4.4421,32.0,100,40,1.14,ES,2021-01-14 23:47:36,mist
493,Petauke,-14.2426,31.3253,66.94,97,98,0.43,ZM,2021-01-14 23:47:36,light rain
494,Novyy Urengoy,66.0833,76.6333,-3.42,92,100,7.54,RU,2021-01-14 23:46:11,overcast clouds
495,Cacador,-26.7753,-51.015,66.99,77,79,6.96,BR,2021-01-14 23:47:36,broken clouds
496,Ribeira Grande,38.5167,-28.7,62.6,94,75,19.57,PT,2021-01-14 23:47:36,broken clouds
497,Sokoto,13.0609,5.239,68.92,22,0,10.07,NG,2021-01-14 23:47:36,clear sky
498,Port Keats,-14.25,129.55,81.46,76,100,0.83,AU,2021-01-14 23:47:36,overcast clouds
499,Nantucket,41.2835,-70.0995,43.0,93,20,4.61,US,2021-01-14 23:47:36,few clouds
500,Verkhoyansk,67.5447,133.385,-38.63,73,86,1.83,RU,2021-01-14 23:47:36,overcast clouds
501,Seminole,28.7086,-81.2081,60.8,41,1,3.44,US,2021-01-14 23:47:36,clear sky
502,Arraias,-12.9288,-46.9437,70.03,92,100,4.47,BR,2021-01-14 23:47:36,moderate rain
503,Myitkyina,25.3833,97.4,53.29,79,71,2.46,MM,2021-01-14 23:47:36,broken clouds
504,Luanda,-8.8368,13.2343,77.0,83,20,5.75,AO,2021-01-14 23:44:11,few clouds
505,Harper,4.375,-7.7169,78.62,85,60,8.75,LR,2021-01-14 23:43:02,broken clouds
506,Lugo,43.0,-7.5,41.0,100,22,1.01,ES,2021-01-14 23:47:37,few clouds
507,Nassjo,57.6531,14.6968,19.4,93,75,3.44,SE,2021-01-14 23:47:37,broken clouds
508,Shintomi,32.0785,131.4723,41.0,93,20,10.36,JP,2021-01-14 23:47:37,few clouds
509,Redlands,34.0556,-117.1825,86.0,8,1,12.66,US,2021-01-14 23:47:37,clear sky
510,Rocha,-34.4833,-54.3333,61.54,71,0,8.57,UY,2021-01-14 23:47:37,clear sky
511,Sangar,63.9242,127.4739,-45.53,76,30,5.64,RU,2021-01-14 23:47:37,scattered clouds
512,Bilma,18.6853,12.9164,63.75,29,0,6.53,NE,2021-01-14 23:47:37,clear sky
513,Daru,-9.0763,143.2092,83.08,80,100,8.97,PG,2021-01-14 23:47:37,moderate rain
514,Komsomolskiy,40.4272,71.7189,30.2,74,0,4.61,UZ,2021-01-14 23:47:37,mist
515,Godeanu,44.8005,22.6079,21.56,98,11,6.89,RO,2021-01-14 23:47:37,few clouds
516,Nkhata Bay,-11.6066,34.2907,74.08,80,100,4.23,MW,2021-01-14 23:47:37,overcast clouds
517,Okato,-39.2,173.8833,70.0,62,5,8.01,NZ,2021-01-14 23:47:37,clear sky
518,Burgeo,47.6167,-57.6152,30.67,93,100,2.55,CA,2021-01-14 23:47:38,overcast clouds
519,Adrar,20.5022,-10.0711,60.55,27,93,13.11,MR,2021-01-14 23:47:38,overcast clouds
520,Charlestown,-32.95,151.6667,82.99,79,83,2.95,AU,2021-01-14 23:47:38,broken clouds
521,Egra,50.0796,12.3739,23.0,96,58,3.29,CZ,2021-01-14 23:45:13,broken clouds
522,Linden,6.0,-58.3,77.0,88,0,9.22,GY,2021-01-14 23:47:38,clear sky
523,Chapais,49.7834,-74.8492,24.8,93,90,2.01,CA,2021-01-14 23:47:38,light snow
524,Miraflores,19.2167,-98.8083,69.8,32,90,13.8,MX,2021-01-14 23:47:38,overcast clouds
525,Sula,15.4573,120.3955,75.2,69,75,2.3,PH,2021-01-14 23:47:38,broken clouds
526,Champaign,40.1334,-88.2001,41.0,93,90,14.97,US,2021-01-14 23:43:12,mist
527,Imbituba,-28.24,-48.6703,69.8,94,90,8.05,BR,2021-01-14 23:47:38,overcast clouds
528,Presidente Medici,-11.1753,-61.9014,74.89,95,96,4.18,BR,2021-01-14 23:47:38,overcast clouds
529,Zhigansk,66.7697,123.3711,-43.24,80,14,1.7,RU,2021-01-14 23:47:38,few clouds
530,Soyo,-6.1349,12.3689,77.92,76,0,7.29,AO,2021-01-14 23:47:38,clear sky
531,Sosua,19.7667,-70.5167,77.0,94,20,7.09,DO,2021-01-14 23:47:38,few clouds
532,Ambovombe,-25.1667,46.0833,75.61,92,5,9.48,MG,2021-01-14 23:47:38,clear sky
533,Vengerovo,55.6848,76.7471,-19.07,84,0,6.4,RU,2021-01-14 23:47:39,clear sky
534,Heyang,26.1011,107.473,42.08,64,41,1.59,CN,2021-01-14 23:47:39,scattered clouds
535,Glace Bay,46.1969,-59.957,34.0,74,90,3.44,CA,2021-01-14 23:47:39,overcast clouds
536,Kijang,35.2442,129.2139,33.8,80,40,3.44,KR,2021-01-14 23:47:39,scattered clouds
537,Kholodnyy,62.7167,147.95,-27.29,82,98,1.36,RU,2021-01-14 23:47:39,overcast clouds
538,Roald,62.5833,6.1333,30.2,59,75,10.36,NO,2021-01-14 23:47:39,broken clouds
539,Petropavlovsk-Kamchatskiy,53.0452,158.6483,-0.4,71,100,6.71,RU,2021-01-14 23:45:35,overcast clouds
540,Arman,59.7,150.1667,-17.79,77,0,7.05,RU,2021-01-14 23:47:39,clear sky
541,Bafq,31.6128,55.4107,51.87,36,62,7.49,IR,2021-01-14 23:47:39,broken clouds
542,Alasehir,38.3508,28.5172,40.14,73,38,3.8,TR,2021-01-14 23:47:39,scattered clouds
543,Vila Do Maio,15.1333,-23.2167,71.6,73,75,18.41,CV,2021-01-14 23:47:39,broken clouds
544,Brooks,50.5834,-111.8851,28.4,69,0,10.36,CA,2021-01-14 23:47:39,clear sky
545,Buala,-8.145,159.5921,85.82,66,61,6.51,SB,2021-01-14 23:47:39,broken clouds
546,Ondangwa,-17.9167,15.95,80.6,44,100,6.91,NA,2021-01-14 23:47:39,overcast clouds
547,Shaunavon,49.6501,-108.4181,24.8,63,0,29.93,CA,2021-01-14 23:47:40,clear sky
548,Mont-Dore,-22.2833,166.5833,82.4,74,90,8.05,NC,2021-01-14 23:47:40,overcast clouds
549,Kortkeros,61.8106,51.5806,-0.4,92,40,4.47,RU,2021-01-14 23:47:40,light snow
550,Morro Bay,35.3658,-120.8499,69.01,67,1,3.0,US,2021-01-14 23:47:40,clear sky
551,Saint-Joseph,-21.3667,55.6167,77.0,83,75,2.3,RE,2021-01-14 23:47:40,broken clouds
552,Sainte-Anne-Des-Monts,49.124,-66.4924,30.2,86,99,2.3,CA,2021-01-14 23:47:40,overcast clouds
553,Ko Samui,9.5357,99.9357,78.58,67,99,9.33,TH,2021-01-14 23:47:40,overcast clouds
554,Fairview,40.8126,-73.999,46.4,49,75,3.44,US,2021-01-14 23:47:40,broken clouds
555,Leninsk,48.7119,45.1994,26.6,100,90,6.71,RU,2021-01-14 23:47:40,light intensity drizzle
556,San Javier,37.8063,-0.8374,52.0,100,93,4.61,ES,2021-01-14 23:47:40,overcast clouds
557,Bayan,46.0833,127.4,-2.0,89,100,4.68,CN,2021-01-14 23:47:40,light snow
558,Churapcha,62.0025,132.4325,-47.65,76,77,3.78,RU,2021-01-14 23:47:40,broken clouds
559,Noumea,-22.2763,166.4572,82.4,74,90,8.05,NC,2021-01-14 23:44:28,overcast clouds
560,Marsa Matruh,31.3525,27.2453,55.4,62,20,6.91,EG,2021-01-14 23:47:41,few clouds
561,Elmira,42.0898,-76.8077,37.4,93,90,1.52,US,2021-01-14 23:47:40,overcast clouds
562,Bukachacha,52.9833,116.9167,-22.29,81,0,1.72,RU,2021-01-14 23:47:41,clear sky
563,Uspenka,48.3903,39.1619,24.01,96,73,4.38,UA,2021-01-14 23:47:41,light snow
564,Ust-Nera,64.5667,143.2,-24.2,76,100,3.18,RU,2021-01-14 23:47:41,overcast clouds
565,Krasnoselkup,65.7,82.4667,-18.49,84,99,5.46,RU,2021-01-14 23:47:41,overcast clouds
566,Melchor De Mencos,17.0686,-89.1522,77.0,83,0,2.01,GT,2021-01-14 23:47:41,clear sky
567,Bagan,54.1001,77.6646,-20.79,88,2,5.82,RU,2021-01-14 23:47:41,clear sky
568,Toamasina,-18.1667,49.3833,77.34,88,98,2.39,MG,2021-01-14 23:47:41,overcast clouds
569,Urucara,-2.5364,-57.76,76.95,90,93,2.04,BR,2021-01-14 23:47:41,light rain
570,Fort Nelson,58.8053,-122.7002,14.0,85,75,3.2,CA,2021-01-14 23:47:41,broken clouds
571,Kuzino,57.0224,59.4412,7.92,94,100,10.02,RU,2021-01-14 23:47:41,overcast clouds
572,Eureka,40.8021,-124.1637,64.0,83,9,4.0,US,2021-01-14 23:45:21,clear sky
573,Lalibela,12.0333,39.0333,48.54,65,0,1.34,ET,2021-01-14 23:47:42,clear sky
574,Tezu,27.9167,96.1667,57.24,54,6,3.0,IN,2021-01-14 23:47:42,clear sky
575,Ewo,-0.8725,14.8206,73.4,83,93,4.72,CG,2021-01-14 23:47:42,overcast clouds
576,Falmouth,50.1544,-5.0711,45.0,87,40,8.05,GB,2021-01-14 23:47:42,scattered clouds
577,Sambava,-14.2667,50.1667,77.72,88,81,3.38,MG,2021-01-14 23:47:42,broken clouds
578,Dali,25.7,100.1833,38.08,78,98,0.49,CN,2021-01-14 23:47:42,overcast clouds
579,Atambua,-9.1061,124.8925,80.89,78,95,0.22,ID,2021-01-14 23:47:42,overcast clouds
580,Bathsheba,13.2167,-59.5167,78.8,78,20,17.27,BB,2021-01-14 23:47:42,few clouds
581,Labuhan,-6.8844,112.2051,78.64,82,100,10.33,ID,2021-01-14 23:47:42,overcast clouds
582,Kutum,14.2,24.6667,54.64,37,0,8.99,SD,2021-01-14 23:47:42,clear sky
583,Fuyu,45.1833,124.8167,-0.38,92,100,11.18,CN,2021-01-14 23:47:42,light snow
584,Caxito,-8.5785,13.6643,77.0,83,20,5.75,AO,2021-01-14 23:47:42,few clouds
585,Mangan,27.5167,88.5333,54.66,41,31,2.51,IN,2021-01-14 23:47:42,scattered clouds
586,La Colorada,8.0167,-80.9833,76.78,84,88,4.43,PA,2021-01-14 23:47:43,overcast clouds
587,Aksu,41.1231,80.2644,17.2,80,0,3.83,CN,2021-01-14 23:47:43,clear sky
588,Nouadhibou,20.931,-17.0347,64.4,34,0,14.97,MR,2021-01-14 23:47:43,clear sky
589,Kasongo-Lunda,-6.4667,16.8167,68.52,91,100,0.76,CD,2021-01-14 23:47:43,overcast clouds
590,Necochea,-38.5473,-58.7368,68.0,58,16,18.66,AR,2021-01-14 23:47:43,few clouds
591,Borshchiv,48.8033,26.0435,25.0,87,100,18.01,UA,2021-01-14 23:47:43,overcast clouds
592,Bakau,13.4781,-16.6819,68.0,73,0,15.57,GM,2021-01-14 23:47:43,clear sky
593,San Quintin,30.4833,-115.95,68.85,35,0,6.17,MX,2021-01-14 23:47:43,clear sky
594,Bar Harbor,44.3876,-68.2039,35.01,93,75,6.51,US,2021-01-14 23:47:43,broken clouds
595,Sioux Lookout,50.1001,-91.917,32.0,86,90,3.44,CA,2021-01-14 23:47:43,overcast clouds
596,Ketchikan,55.3422,-131.6461,41.0,93,90,19.57,US,2021-01-14 23:47:43,mist
597,Bundaberg,-24.85,152.35,82.4,54,40,5.75,AU,2021-01-14 23:47:43,scattered clouds
598,Mazatlan,23.2167,-106.4167,78.8,38,20,10.36,MX,2021-01-14 23:43:17,few clouds
599,Shingu,33.7333,135.9833,42.8,70,20,2.3,JP,2021-01-14 23:47:43,few clouds
600,Lethem,3.3803,-59.7968,80.49,67,91,10.0,GY,2021-01-14 23:47:43,overcast clouds
601,Taoudenni,22.6783,-3.9836,56.23,35,32,12.08,ML,2021-01-14 23:47:43,scattered clouds
602,Tandalti,13.0167,31.8667,70.84,23,0,15.43,SD,2021-01-14 23:47:44,clear sky
603,Ilebo,-4.3167,20.5833,69.51,95,100,4.99,CD,2021-01-14 23:47:44,heavy intensity rain
604,San Policarpo,12.1791,125.5072,80.46,80,80,7.4,PH,2021-01-14 23:47:44,broken clouds
605,Tazovskiy,67.4667,78.7,-16.33,89,100,11.3,RU,2021-01-14 23:47:44,light snow
606,Nurota,40.5614,65.6886,37.4,60,0,11.5,UZ,2021-01-14 23:47:44,clear sky
607,Sechura,-5.5569,-80.8222,76.32,65,55,17.34,PE,2021-01-14 23:47:44,broken clouds
608,Wanning,18.8003,110.3967,60.03,79,11,5.7,CN,2021-01-14 23:47:44,few clouds
609,Novo Aripuana,-5.1206,-60.3797,76.08,94,97,0.58,BR,2021-01-14 23:47:44,light rain
610,Presidencia Roque Saenz Pena,-26.7852,-60.4388,88.0,62,47,1.99,AR,2021-01-14 23:47:44,scattered clouds
611,Stokmarknes,68.5646,14.9108,37.99,86,100,8.01,NO,2021-01-14 23:47:44,light snow
612,Jaora,23.6333,75.1333,56.19,37,0,5.59,IN,2021-01-14 23:47:44,clear sky
613,Kerur,16.0167,75.5667,67.03,77,0,6.64,IN,2021-01-14 23:47:45,clear sky
614,Dwarka,22.2394,68.9678,67.01,49,0,10.02,IN,2021-01-14 23:47:45,clear sky
615,Abu Kamal,34.4506,40.9171,54.16,68,52,6.11,SY,2021-01-14 23:47:45,broken clouds
616,Naze,28.3667,129.4833,64.4,63,20,13.8,JP,2021-01-14 23:47:45,few clouds
617,Atocha,-20.9333,-66.2333,54.05,67,98,12.88,BO,2021-01-14 23:47:45,moderate rain
618,Paamiut,61.994,-49.6678,22.44,89,90,10.45,GL,2021-01-14 23:47:46,overcast clouds
619,Midland,31.9974,-102.0779,51.8,29,1,8.05,US,2021-01-14 23:47:46,clear sky
620,Calama,-22.4667,-68.9333,71.6,20,0,21.85,CL,2021-01-14 23:47:46,clear sky
621,Luganville,-15.5333,167.1667,88.14,66,89,7.56,VU,2021-01-14 23:47:46,overcast clouds
622,Mitu,1.1983,-70.1733,74.01,95,72,1.54,CO,2021-01-14 23:47:46,moderate rain
623,Qinhuangdao,39.9317,119.5883,18.9,77,12,13.33,CN,2021-01-14 23:47:47,few clouds
624,Tual,-5.6667,132.75,83.57,77,100,11.14,ID,2021-01-14 23:47:47,overcast clouds
625,Laurinburg,34.7741,-79.4628,48.2,66,1,6.93,US,2021-01-14 23:47:47,clear sky
626,Rio Grande,-32.035,-52.0986,72.0,72,1,3.0,BR,2021-01-14 23:47:47,clear sky
627,Washington,47.5001,-120.5015,41.0,68,81,2.57,US,2021-01-14 23:44:27,broken clouds
628,Vostok,46.4856,135.8833,-5.78,87,50,2.77,RU,2021-01-14 23:47:48,light snow
629,Novyy Oskol,50.7631,37.8691,14.4,96,57,2.51,RU,2021-01-14 23:47:48,broken clouds
630,Goderich,43.7501,-81.7165,35.6,87,100,10.36,CA,2021-01-14 23:47:48,overcast clouds
631,Dungarpur,23.8333,73.7167,58.26,34,0,8.03,IN,2021-01-14 23:47:48,clear sky
632,Liuli,-11.0833,34.6333,77.09,70,98,2.42,TZ,2021-01-14 23:47:48,overcast clouds
633,Panna,24.7167,80.2,45.66,54,0,0.85,IN,2021-01-14 23:47:48,clear sky
634,Ndjole,-0.1783,10.7649,73.47,92,54,2.04,GA,2021-01-14 23:47:48,broken clouds
635,La Rioja,42.25,-2.5,45.0,81,75,6.91,ES,2021-01-14 23:47:48,broken clouds
636,Mogadishu,2.0371,45.3438,76.48,83,6,19.3,SO,2021-01-14 23:43:59,clear sky
637,Darnah,32.767,22.6367,55.44,75,0,13.33,LY,2021-01-14 23:47:48,clear sky
638,Sokoni,-6.4333,39.55,78.8,88,20,10.16,TZ,2021-01-14 23:47:48,few clouds
639,Meaford,44.6001,-80.583,37.0,74,76,8.08,CA,2021-01-14 23:47:48,broken clouds
640,Iranshahr,27.2025,60.6848,47.66,35,0,1.61,IR,2021-01-14 23:47:48,clear sky
641,Cabadiangan,9.7531,122.4739,79.43,83,92,8.93,PH,2021-01-14 23:47:48,overcast clouds
642,Port-Cartier,50.0334,-66.8654,28.4,86,95,3.44,CA,2021-01-14 23:47:49,overcast clouds
643,Kedrovyy,56.1667,91.8167,3.2,78,75,22.37,RU,2021-01-14 23:47:49,heavy snow
644,Skovorodino,53.9833,123.9167,-28.48,81,0,1.86,RU,2021-01-14 23:47:49,clear sky
645,Nuevo Casas Grandes,30.4167,-107.9167,58.14,32,7,1.52,MX,2021-01-14 23:47:49,clear sky
646,Juneau,58.3019,-134.4197,37.4,75,90,13.8,US,2021-01-14 23:47:49,light rain
647,Samarai,-10.6167,150.6667,81.34,83,100,12.1,PG,2021-01-14 23:47:49,overcast clouds
648,Cabras,39.93,8.5314,54.0,77,100,11.01,IT,2021-01-14 23:47:49,overcast clouds
649,Tsogni,-2.7942,10.0988,74.43,90,58,3.44,GA,2021-01-14 23:47:49,light rain
650,Acapulco,16.8634,-99.8901,82.4,74,90,8.05,MX,2021-01-14 23:47:49,overcast clouds
651,Raudeberg,61.9875,5.1352,32.0,86,4,6.17,NO,2021-01-14 23:47:49,clear sky
652,Ercis,39.0287,43.3586,41.0,52,75,16.11,TR,2021-01-14 23:47:49,broken clouds
653,Uvira,-3.4067,29.1458,70.9,75,100,2.06,CD,2021-01-14 23:47:49,light rain
654,Tingo Maria,-9.2895,-76.0088,72.59,83,95,1.39,PE,2021-01-14 23:43:06,moderate rain
655,Orcopampa,-15.2661,-72.3417,50.56,67,81,7.94,PE,2021-01-14 23:47:49,moderate rain
656,Lebedinyy,58.5167,125.5167,-16.76,86,99,8.55,RU,2021-01-14 23:47:50,overcast clouds
657,Pekalongan,-6.8886,109.6753,50.0,95,100,9.75,ID,2021-01-14 23:47:50,moderate rain
658,Krasnyy Klyuch,55.3863,56.6529,16.93,96,100,4.65,RU,2021-01-14 23:47:50,snow
659,Pailon,-17.65,-62.75,78.8,83,40,4.61,BO,2021-01-14 23:47:50,light rain
660,Westerland,54.9079,8.3033,32.0,86,90,10.36,DE,2021-01-14 23:47:50,overcast clouds
661,Cayenne,4.9333,-52.3333,75.2,100,75,5.75,GF,2021-01-14 23:47:50,light rain
662,Fuxin,42.0156,121.6589,4.75,88,95,15.57,CN,2021-01-14 23:47:50,overcast clouds
663,Galesong,-5.3166,119.3661,77.0,100,40,2.3,ID,2021-01-14 23:47:50,moderate rain
664,Tahta,26.7693,31.5021,51.8,54,0,6.91,EG,2021-01-14 23:47:50,clear sky
665,Nampula,-15.1165,39.2666,72.07,97,33,3.36,MZ,2021-01-14 23:47:50,scattered clouds
666,Mogok,22.9167,96.5,51.51,82,27,2.28,MM,2021-01-14 23:47:50,scattered clouds
667,Kanigiri,15.4,79.5167,67.53,93,0,0.72,IN,2021-01-14 23:47:50,clear sky
668,Katima Mulilo,-17.5,24.2667,68.79,94,100,5.1,NA,2021-01-14 23:47:51,overcast clouds
669,Marystown,47.1666,-55.1483,31.5,94,100,0.85,CA,2021-01-14 23:47:51,overcast clouds
670,Lerwick,60.1545,-1.1494,41.0,81,90,20.71,GB,2021-01-14 23:47:51,overcast clouds
671,Laguna,38.421,-121.4238,61.0,76,1,2.33,US,2021-01-14 23:46:49,haze
672,Diu,20.7141,70.9822,68.59,43,0,6.69,IN,2021-01-14 23:47:51,clear sky
673,Auki,-8.7676,160.7034,86.31,62,53,2.71,SB,2021-01-14 23:47:51,broken clouds
674,Kemi,65.8596,24.8228,-14.8,76,40,2.3,FI,2021-01-14 23:47:51,scattered clouds
675,Dudinka,69.4058,86.1778,-41.13,79,0,4.29,RU,2021-01-14 23:47:51,clear sky
676,Dukat,62.55,155.55,-39.69,79,88,4.16,RU,2021-01-14 23:47:51,overcast clouds
677,Sotouboua,8.5667,0.9833,72.36,20,65,2.04,TG,2021-01-14 23:47:51,broken clouds
678,Guia De Isora,28.2115,-16.7795,62.01,55,20,8.05,ES,2021-01-14 23:47:51,few clouds
679,Lukovetskiy,64.2956,41.9211,-31.0,75,0,4.43,RU,2021-01-14 23:47:51,clear sky
680,Tyup,42.7276,78.3648,23.59,86,8,3.38,KG,2021-01-14 23:47:51,clear sky
681,Ulladulla,-35.35,150.4667,73.99,60,40,6.91,AU,2021-01-14 23:47:51,scattered clouds
682,La Orilla,17.9833,-102.2333,79.2,67,99,6.06,MX,2021-01-14 23:47:52,overcast clouds
683,Isangel,-19.55,169.2667,78.8,94,90,5.75,VU,2021-01-14 23:47:52,moderate rain
